waste_id,date_listed,category,sub_category,description,location,quantity_kg,unit,demand_index,price_per_unit_lkr,total_value_lkr,status
66061271-071a-40aa-80a8-fd0514749581,2026-01-29,Metal,Steel Scraps,Leftover Steel Scraps available at Seethawaka factory.,Seethawaka Export Processing Zone,284.18,kg,1.1,203.46,57819.26,Available
d12dcf37-36cd-480b-ab99-452ec191e88b,2026-01-29,Metal,Aluminum Cans,Dirty Aluminum Cans available at Horana factory.,Horana Export Processing Zone,1171.87,kg,0.97,400.18,468958.94,Available
6840f58b-af73-4797-9660-99a75fabab6b,2026-01-29,Plastic,HDPE Containers,Loose HDPE Containers available at Biyagama factory.,Biyagama Export Processing Zone,1184.38,kg,1.01,104.28,123507.15,Available
62879c68-9f88-46ae-8b47-fc97977244b1,2026-01-29,Textile Offcuts,Polyester,Mixed Polyester available at Horana factory.,Horana Export Processing Zone,501.51,kg,1.08,35.29,17698.29,Available
4bfdf234-696e-44a1-a047-2546e7209343,2026-01-29,Textile Offcuts,Cotton,Unsorted Cotton available at Seethawaka factory.,Seethawaka Export Processing Zone,1389.91,kg,0.84,52.92,73554.04,Sold
f7cbfcb2-da22-4a12-ae08-ad8792c5b275,2026-01-29,Textile Offcuts,Cotton,Unsorted Cotton available at Seethawaka factory.,Seethawaka Export Processing Zone,139.0,kg,1.15,152.15,21148.85,Available
c17fcfef-d9f7-4e8f-9eda-d3413ec955a4,2026-01-29,Metal,Steel Scraps,Loose Steel Scraps available at Katunayake factory.,Katunayake Export Processing Zone,1220.1,kg,1.03,225.85,275559.58,Sold
f555a8e3-8f7f-4735-bd7b-a74fa896d9cb,2026-01-29,Plastic,PET Bottles,Unsorted PET Bottles available at Seethawaka factory.,Seethawaka Export Processing Zone,1664.98,kg,0.81,68.54,114117.73,Available
a0a55c6d-1c66-4ef3-a218-6777f18aa082,2026-01-29,Paper,Cardboard,Mixed Cardboard available at Katunayake factory.,Katunayake Export Processing Zone,619.81,kg,1.03,50.68,31411.97,Available
143ff8b0-bca5-4f6d-85d8-027f14a4c592,2026-01-29,Chemical,Empty Drums (Plastic),Clean Empty Drums (Plastic) available at Colombo factory.,Colombo Industrial Zone,666.57,units,1.04,593.64,395702.61,Available
2bf3a630-f668-4d27-ba7f-93afdc1e30b4,2026-01-29,Textile Offcuts,Mixed,Dirty Mixed available at Colombo factory.,Colombo Industrial Zone,203.9,kg,1.09,28.91,5894.75,Available
ad0f64ef-db28-4bb3-bf92-90490341534e,2026-01-29,Plastic,LDPE Wrap,Unsorted LDPE Wrap available at Koggala factory.,Koggala Export Processing Zone,1888.46,kg,1.03,114.22,215699.9,Available
e0b0acb3-0eb4-4384-8817-9b019b1ae235,2026-01-29,Textile Offcuts,Mixed,Mixed Mixed available at Seethawaka factory.,Seethawaka Export Processing Zone,432.46,kg,1.06,28.08,12143.48,Available
cc4af5ae-2baf-4eca-8204-6da609d44fda,2026-01-29,Metal,Steel Scraps,Mixed Steel Scraps available at Colombo factory.,Colombo Industrial Zone,1287.05,kg,0.82,141.41,182001.74,Available
bd2a72ed-12f2-478c-8c35-769ec617f05e,2026-01-29,Organic,Food Waste,Unsorted Food Waste available at Biyagama factory.,Biyagama Export Processing Zone,213.17,kg,0.98,5.81,1238.52,Available
7f814ac4-dbd1-44d2-821e-db72ad199b04,2026-01-29,Textile Offcuts,Polyester,Leftover Polyester available at Koggala factory.,Koggala Export Processing Zone,1349.32,kg,0.89,68.25,92091.09,Available
69f38e23-d987-473b-9a41-85bb7b55a5cd,2026-01-29,Organic,Food Waste,Unsorted Food Waste available at Katunayake factory.,Katunayake Export Processing Zone,311.7,kg,0.83,5.9,1839.03,Available
d5e4eeb1-9986-4d55-94eb-23c787924856,2026-01-29,Paper,Cardboard,Loose Cardboard available at Ekala factory.,Ekala Industrial Estate,1009.11,kg,1.07,35.05,35369.31,Available
52ceef2d-708b-47be-bb07-5aec0367f684,2026-01-29,Plastic,LDPE Wrap,Baled LDPE Wrap available at Paliyagoda factory.,Paliyagoda,1240.74,kg,0.84,91.75,113837.9,Available
91cb1ef8-fb01-4121-b976-58b2cb129275,2026-01-29,Metal,Steel Scraps,Loose Steel Scraps available at Colombo factory.,Colombo Industrial Zone,280.03,kg,0.91,148.83,41676.86,Available
dd17f825-3acb-461f-8c0b-7a79cdb8a6f0,2026-01-29,Plastic,PET Bottles,Dirty PET Bottles available at Ekala factory.,Ekala Industrial Estate,388.37,kg,1.08,97.61,37908.8,Available
0f8c7b85-eba8-4f29-b6dc-55c4f7a77d43,2026-01-29,Paper,Mixed,Clean Mixed available at Ekala factory.,Ekala Industrial Estate,1475.24,kg,1.09,22.5,33192.9,Available
53060454-b4b6-4ed8-9b8f-351b66756da0,2026-01-29,Chemical,Empty Drums (Plastic),Mixed Empty Drums (Plastic) available at Horana factory.,Horana Export Processing Zone,1854.28,units,1.09,813.36,1508197.18,Available
11d501c6-8644-460a-9704-20997ea6a275,2026-01-29,Plastic,HDPE Containers,Clean HDPE Containers available at Paliyagoda factory.,Paliyagoda,1896.28,kg,1.16,121.39,230189.43,Available
9335d960-66ed-4bfb-9eaf-5c44c81cbae1,2026-01-29,Paper,Cardboard,Mixed Cardboard available at Biyagama factory.,Biyagama Export Processing Zone,768.61,kg,0.92,34.12,26224.97,Available
81652c14-eaac-4069-b058-855c6fc1456a,2026-01-29,Chemical,Empty Drums (Plastic),Sorted Empty Drums (Plastic) available at Horana factory.,Horana Export Processing Zone,1583.61,units,0.84,522.63,827642.09,Available
c7882d48-d13f-4a42-86f8-6076a5ba1f49,2026-01-29,Metal,Steel Scraps,Sorted Steel Scraps available at Katunayake factory.,Katunayake Export Processing Zone,1176.11,kg,0.94,149.31,175604.98,Available
b1b7f79c-cd33-4b89-8449-b246834b953f,2026-01-29,Paper,Mixed,Mixed Mixed available at Seethawaka factory.,Seethawaka Export Processing Zone,1547.27,kg,0.94,20.25,31332.22,Available
4b80e14f-6003-43eb-910d-ec18b98c7f96,2026-01-29,Paper,Mixed,Sorted Mixed available at Colombo factory.,Colombo Industrial Zone,1838.13,kg,1.19,27.77,51044.87,Available
f45edf80-9ddf-4e73-ab3d-00cb5cea1d4c,2026-01-29,Paper,Cardboard,Dirty Cardboard available at Katunayake factory.,Katunayake Export Processing Zone,1590.11,kg,1.18,37.62,59819.94,Available
b8f9b6af-f20e-4b0c-86d1-7e07a7645fb5,2026-01-29,Textile Offcuts,Mixed,Mixed Mixed available at Koggala factory.,Koggala Export Processing Zone,496.27,kg,1.13,40.11,19905.39,Available
841d1558-0618-416d-be32-3fd8f64db9ce,2026-01-29,Plastic,PET Bottles,Dirty PET Bottles available at Katunayake factory.,Katunayake Export Processing Zone,1937.75,kg,1.2,104.22,201952.3,Available
5401fac5-9576-463e-97c3-0ae5417018ad,2026-01-29,Textile Offcuts,Mixed,Mixed Mixed available at Seethawaka factory.,Seethawaka Export Processing Zone,1626.84,kg,1.11,24.22,39402.06,Available
bb7f7872-6d0f-4515-86e4-f8e89e615b58,2026-01-29,Chemical,Empty Drums (Plastic),Dirty Empty Drums (Plastic) available at Katunayake factory.,Katunayake Export Processing Zone,1101.83,units,1.18,812.77,895534.37,Available
e7c34238-8ee5-478b-aa3d-8481e014d279,2026-01-29,Chemical,Empty Drums (Plastic),Unsorted Empty Drums (Plastic) available at Koggala factory.,Koggala Export Processing Zone,1165.33,units,1.05,806.52,939861.95,Sold
c48a8f1b-820e-4c2b-ae6e-346ac6bb0247,2026-01-29,Paper,Cardboard,Clean Cardboard available at Horana factory.,Horana Export Processing Zone,644.02,kg,0.89,45.92,29573.4,Available
47a93c3d-320a-473d-9e9d-ea6ae7bd0ae7,2026-01-29,Textile Offcuts,Polyester,Sorted Polyester available at Colombo factory.,Colombo Industrial Zone,1901.99,kg,1.07,66.31,126120.96,Available
b38037ac-d49f-464e-b130-7115e206ed43,2026-01-29,Paper,Cardboard,Dirty Cardboard available at Paliyagoda factory.,Paliyagoda,1598.75,kg,1.1,52.3,83614.62,Sold
e196450d-43ab-4275-a192-f93ed1011f3d,2026-01-29,Paper,Mixed,Dirty Mixed available at Katunayake factory.,Katunayake Export Processing Zone,1053.76,kg,0.94,18.49,19484.02,Available
d3c44927-0f06-41b9-894c-f8337c40c51f,2026-01-29,Plastic,PET Bottles,Sorted PET Bottles available at Koggala factory.,Koggala Export Processing Zone,208.31,kg,0.9,109.25,22757.87,Sold
a8867964-1ff7-4438-9b0c-435b003ac782,2026-01-29,Metal,Steel Scraps,Mixed Steel Scraps available at Koggala factory.,Koggala Export Processing Zone,443.78,kg,0.92,222.76,98856.43,Available
41b854f6-8b80-4d8d-99fc-dc30079ba8ae,2026-01-29,Plastic,PET Bottles,Loose PET Bottles available at Biyagama factory.,Biyagama Export Processing Zone,1592.01,kg,1.08,103.75,165171.04,Sold
165ccb85-deba-42c4-95e5-a574cef1b4d9,2026-01-29,Textile Offcuts,Mixed,Dirty Mixed available at Koggala factory.,Koggala Export Processing Zone,876.57,kg,1.11,64.6,56626.42,Available
50ce9a79-36c1-464a-ba18-323f940cea87,2026-01-29,Chemical,Empty Drums (Plastic),Leftover Empty Drums (Plastic) available at Seethawaka factory.,Seethawaka Export Processing Zone,1315.64,units,0.85,427.64,562620.29,Available
b087cb27-066c-439f-a6dd-ea0c95b0265b,2026-01-29,Chemical,Empty Drums (Plastic),Mixed Empty Drums (Plastic) available at Seethawaka factory.,Seethawaka Export Processing Zone,543.67,units,1.17,656.58,356962.85,Available
a30804fc-2c16-4ee1-8457-c921dbff163d,2026-01-29,Organic,Food Waste,Baled Food Waste available at Ekala factory.,Ekala Industrial Estate,240.84,kg,0.98,9.98,2403.58,Sold
0f20cae5-5b8a-4b81-91aa-2dd9ebf4c27d,2026-01-29,Textile Offcuts,Mixed,Dirty Mixed available at Biyagama factory.,Biyagama Export Processing Zone,473.53,kg,1.04,39.33,18623.93,Available
d3ccad03-4005-4cdb-b599-40ff2171c995,2026-01-29,Plastic,LDPE Wrap,Mixed LDPE Wrap available at Paliyagoda factory.,Paliyagoda,1364.88,kg,1.15,136.6,186442.61,Available
6602f8d5-435a-4eff-8d77-b9f3751260eb,2026-01-29,Plastic,PET Bottles,Baled PET Bottles available at Seethawaka factory.,Seethawaka Export Processing Zone,828.64,kg,1.12,118.97,98583.3,Available
5b959fdd-b01c-45a3-aeb5-8bd1e664f090,2026-01-29,Textile Offcuts,Polyester,Baled Polyester available at Ekala factory.,Ekala Industrial Estate,1424.51,kg,1.11,74.85,106624.57,Available
25bf9299-6188-43ac-8ee3-33b782fc1d84,2026-01-29,Metal,Steel Scraps,Leftover Steel Scraps available at Colombo factory.,Colombo Industrial Zone,1482.29,kg,0.95,179.49,266056.23,Available
798f6b23-3971-474f-a6fa-6dc30971cdb1,2026-01-29,Plastic,LDPE Wrap,Baled LDPE Wrap available at Seethawaka factory.,Seethawaka Export Processing Zone,470.28,kg,0.81,70.81,33300.53,Available
ded468c2-1b7b-41ba-b26e-7ac4d213cd63,2026-01-29,Textile Offcuts,Polyester,Dirty Polyester available at Horana factory.,Horana Export Processing Zone,1530.55,kg,0.95,61.41,93991.08,Available
9e159818-5eb1-4473-9b6b-29d223242d77,2026-01-29,Plastic,PET Bottles,Baled PET Bottles available at Colombo factory.,Colombo Industrial Zone,341.19,kg,1.0,115.06,39257.32,Sold
cf848eff-62ac-41f3-9f15-75b0b7e40c14,2026-01-29,Organic,Food Waste,Unsorted Food Waste available at Seethawaka factory.,Seethawaka Export Processing Zone,1230.04,kg,0.82,6.83,8401.17,Available
982d6abf-a1e1-43d5-9b9f-ff85d1f226bb,2026-01-29,Metal,Aluminum Cans,Unsorted Aluminum Cans available at Paliyagoda factory.,Paliyagoda,1937.39,kg,1.1,343.6,665687.2,Sold
9a8d07ad-d375-4e8f-99d8-225071f79c28,2026-01-29,Metal,Steel Scraps,Dirty Steel Scraps available at Katunayake factory.,Katunayake Export Processing Zone,634.05,kg,1.16,237.57,150631.26,Available
8426935e-df4a-4064-8fc5-7c65b7f03a9c,2026-01-29,Textile Offcuts,Mixed,Clean Mixed available at Colombo factory.,Colombo Industrial Zone,247.34,kg,0.99,34.93,8639.59,Available
695fb765-58f2-4c4b-a397-279fac835f83,2026-01-29,Metal,Steel Scraps,Loose Steel Scraps available at Biyagama factory.,Biyagama Export Processing Zone,1494.35,kg,1.01,193.8,289605.03,Available
3e4cf007-1ebe-46f0-948c-5a6253b1939b,2026-01-29,Textile Offcuts,Cotton,Unsorted Cotton available at Biyagama factory.,Biyagama Export Processing Zone,288.31,kg,1.16,116.47,33579.47,Available
6c34b0c8-148d-46b9-bd67-e9c6681e0697,2026-01-29,Textile Offcuts,Mixed,Sorted Mixed available at Seethawaka factory.,Seethawaka Export Processing Zone,1860.26,kg,0.98,28.61,53222.04,Available
158ad00d-06b7-41c4-9acb-832252506ca3,2026-01-29,Chemical,Empty Drums (Plastic),Leftover Empty Drums (Plastic) available at Seethawaka factory.,Seethawaka Export Processing Zone,1740.38,units,0.82,495.23,861888.39,Available
082654be-d21f-4d05-b3ca-4ad37478ebd1,2026-01-29,Plastic,LDPE Wrap,Baled LDPE Wrap available at Katunayake factory.,Katunayake Export Processing Zone,1796.9,kg,1.15,102.81,184739.29,Available
774128b0-a45b-469d-aa97-0d536c3aa5cc,2026-01-29,Textile Offcuts,Cotton,Loose Cotton available at Ekala factory.,Ekala Industrial Estate,1784.03,kg,1.08,58.27,103955.43,Available
c15ebb98-770e-4215-afc5-9254fe2bc0aa,2026-01-29,Plastic,PET Bottles,Mixed PET Bottles available at Colombo factory.,Colombo Industrial Zone,865.41,kg,0.83,89.18,77177.26,Available
ef6c163d-2802-4932-a574-8a9e2a0d5579,2026-01-29,Paper,Cardboard,Baled Cardboard available at Seethawaka factory.,Seethawaka Export Processing Zone,1061.73,kg,1.12,45.6,48414.89,Available
99687138-cd43-4717-936d-5b805f446508,2026-01-29,Metal,Aluminum Cans,Loose Aluminum Cans available at Seethawaka factory.,Seethawaka Export Processing Zone,811.13,kg,1.0,381.89,309762.44,Available
fe9ab1c4-8a85-4a2b-88b5-32d5df9fea53,2026-01-29,Textile Offcuts,Mixed,Mixed Mixed available at Biyagama factory.,Biyagama Export Processing Zone,1364.29,kg,1.11,44.84,61174.76,Available
90fab6fc-46f5-47c0-bcb1-13a7394e5afd,2026-01-29,Textile Offcuts,Mixed,Baled Mixed available at Biyagama factory.,Biyagama Export Processing Zone,1873.37,kg,1.17,33.73,63188.77,Available
2af846b2-5674-424d-ac34-e6b43713ff43,2026-01-29,Paper,Mixed,Dirty Mixed available at Katunayake factory.,Katunayake Export Processing Zone,712.46,kg,0.83,29.72,21174.31,Available
09522ebe-b568-4ae9-86e2-4db448a4b330,2026-01-29,Paper,Cardboard,Unsorted Cardboard available at Horana factory.,Horana Export Processing Zone,553.0,kg,1.17,60.55,33484.15,Available
1c5bf527-0323-4250-b85d-5bf13a95e12a,2026-01-29,Plastic,HDPE Containers,Mixed HDPE Containers available at Paliyagoda factory.,Paliyagoda,1680.04,kg,0.91,99.02,166357.56,Sold
4f875568-591a-4c20-bf80-09cd822b4214,2026-01-29,Chemical,Empty Drums (Plastic),Leftover Empty Drums (Plastic) available at Katunayake factory.,Katunayake Export Processing Zone,1642.62,units,0.92,616.95,1013414.41,Sold
9c3f70fe-9ac3-47df-9771-b11234797466,2026-01-29,Paper,Mixed,Leftover Mixed available at Ekala factory.,Ekala Industrial Estate,1234.91,kg,0.96,15.24,18820.03,Sold
d83b423e-f8f7-42c7-847b-de26fe25442f,2026-01-29,Chemical,Empty Drums (Plastic),Baled Empty Drums (Plastic) available at Koggala factory.,Koggala Export Processing Zone,1499.84,units,1.04,691.42,1037019.37,Available
0daf9478-3062-44d8-b96a-6ff80b4f6b74,2026-01-29,Paper,Cardboard,Baled Cardboard available at Koggala factory.,Koggala Export Processing Zone,752.45,kg,1.0,35.11,26418.52,Available
5f4acba3-77fe-446d-9656-d44f6ae1d456,2026-01-29,Organic,Food Waste,Unsorted Food Waste available at Katunayake factory.,Katunayake Export Processing Zone,1334.08,kg,0.82,5.09,6790.47,Sold
3a642db5-f9f6-4639-a59c-5f5375ccfba8,2026-01-29,Plastic,LDPE Wrap,Clean LDPE Wrap available at Seethawaka factory.,Seethawaka Export Processing Zone,1202.68,kg,1.08,111.44,134026.66,Sold
1d9639ff-98d2-4889-a8e0-7409fd11a15a,2026-01-29,Paper,Cardboard,Sorted Cardboard available at Seethawaka factory.,Seethawaka Export Processing Zone,854.56,kg,0.86,28.58,24423.32,Available
419a0573-b331-43a6-b3ce-2853a3629f51,2026-01-29,Metal,Steel Scraps,Unsorted Steel Scraps available at Ekala factory.,Ekala Industrial Estate,1202.79,kg,1.17,228.01,274248.15,Available
a37d6bce-8814-4ce3-8e57-2b33b3fef65e,2026-01-29,Plastic,PET Bottles,Leftover PET Bottles available at Colombo factory.,Colombo Industrial Zone,643.11,kg,0.95,78.42,50432.69,Available
bff7f812-e0b7-472d-a0d6-d1d571d7e767,2026-01-29,Plastic,PET Bottles,Loose PET Bottles available at Colombo factory.,Colombo Industrial Zone,1832.98,kg,0.95,93.32,171053.69,Sold
011bc4d7-6010-41f0-a0f1-f98bd6ed125b,2026-01-29,Chemical,Empty Drums (Plastic),Sorted Empty Drums (Plastic) available at Paliyagoda factory.,Paliyagoda,84.0,units,1.12,876.68,73641.12,Sold
bcc4b5eb-00ea-4052-9372-738252799885,2026-01-29,Paper,Cardboard,Mixed Cardboard available at Seethawaka factory.,Seethawaka Export Processing Zone,799.73,kg,0.98,56.9,45504.64,Sold
6086de1a-af98-4a7b-ba6e-903918c18cd4,2026-01-29,Metal,Steel Scraps,Leftover Steel Scraps available at Ekala factory.,Ekala Industrial Estate,684.8,kg,1.19,224.39,153662.27,Available
0908e86b-ba86-42b5-9266-e4544647ca01,2026-01-29,Plastic,LDPE Wrap,Dirty LDPE Wrap available at Seethawaka factory.,Seethawaka Export Processing Zone,1575.18,kg,1.16,103.62,163220.15,Available
96e99717-c130-4e05-a069-8708ca77eaa3,2026-01-29,Textile Offcuts,Cotton,Unsorted Cotton available at Horana factory.,Horana Export Processing Zone,1050.75,kg,1.16,67.02,70421.26,Sold
078f67f6-9cce-44ec-b54f-41f100784d40,2026-01-29,Paper,Mixed,Mixed Mixed available at Biyagama factory.,Biyagama Export Processing Zone,846.22,kg,1.14,39.4,33341.07,Available
f4ee2d1f-6eb6-4040-a8f8-cdf436cb94e2,2026-01-29,Chemical,Empty Drums (Plastic),Loose Empty Drums (Plastic) available at Ekala factory.,Ekala Industrial Estate,1159.72,units,1.02,603.92,700378.1,Available
476a3713-1a66-4b0c-93b6-071629bd9954,2026-01-29,Chemical,Empty Drums (Plastic),Loose Empty Drums (Plastic) available at Biyagama factory.,Biyagama Export Processing Zone,661.12,units,1.07,597.88,395270.43,Available
b0a302c0-d92f-451f-80fc-b625d69cf80f,2026-01-29,Plastic,LDPE Wrap,Sorted LDPE Wrap available at Paliyagoda factory.,Paliyagoda,864.81,kg,0.89,82.36,71225.75,Sold
d709175a-4727-47c5-af60-bfe366f8ec08,2026-01-29,Organic,Food Waste,Loose Food Waste available at Paliyagoda factory.,Paliyagoda,1481.87,kg,1.17,10.04,14877.97,Available
d4fb1ba7-49dd-4597-ae77-c991c1d8b425,2026-01-29,Metal,Aluminum Cans,Mixed Aluminum Cans available at Seethawaka factory.,Seethawaka Export Processing Zone,92.11,kg,1.14,381.53,35142.73,Available
cfafc29e-671b-4d8d-88eb-2d9f24234bac,2026-01-29,Metal,Aluminum Cans,Loose Aluminum Cans available at Paliyagoda factory.,Paliyagoda,1717.2,kg,1.04,369.57,634625.6,Available
5aa895ce-5fef-412f-a7fb-d3e35206aaa0,2026-01-29,Organic,Food Waste,Leftover Food Waste available at Biyagama factory.,Biyagama Export Processing Zone,1860.9,kg,1.07,10.94,20358.25,Available
af2173d6-45d7-4949-9c47-d8f79c7e73a3,2026-01-29,Organic,Food Waste,Clean Food Waste available at Ekala factory.,Ekala Industrial Estate,440.87,kg,1.16,11.68,5149.36,Available
1d9136a4-3bd2-4504-a8c5-2351ce9be191,2026-01-29,Textile Offcuts,Polyester,Baled Polyester available at Horana factory.,Horana Export Processing Zone,433.21,kg,1.04,39.53,17124.79,Available
c95eb036-f6c8-49f3-b028-2d9000223158,2026-01-29,Chemical,Empty Drums (Plastic),Unsorted Empty Drums (Plastic) available at Katunayake factory.,Katunayake Export Processing Zone,957.1,units,1.01,544.77,521399.37,Available
ed1a3af6-2b22-461b-9e22-6558f9408ab4,2026-01-29,Organic,Food Waste,Baled Food Waste available at Ekala factory.,Ekala Industrial Estate,1672.75,kg,0.93,9.21,15406.03,Available
88dc77c1-f759-476f-b06b-7c24c686e5a4,2026-01-29,Chemical,Empty Drums (Plastic),Unsorted Empty Drums (Plastic) available at Biyagama factory.,Biyagama Export Processing Zone,1678.95,units,0.94,733.34,1231241.19,Available
f3b108c6-864f-41a0-a8d4-27e81b0725fb,2026-01-29,Metal,Aluminum Cans,Sorted Aluminum Cans available at Paliyagoda factory.,Paliyagoda,1670.58,kg,0.9,292.72,489012.18,Available
e968cbaf-8f40-485a-b73f-325c820c946d,2026-01-29,Paper,Mixed,Baled Mixed available at Seethawaka factory.,Seethawaka Export Processing Zone,232.2,kg,0.82,15.14,3515.51,Available
c73e6242-e641-4b26-96ac-59a3c46338fd,2026-01-29,Plastic,LDPE Wrap,Unsorted LDPE Wrap available at Paliyagoda factory.,Paliyagoda,639.56,kg,1.01,94.98,60745.41,Available
885a8da7-a2ab-47ea-ac40-9ef4331449ae,2026-01-29,Plastic,PET Bottles,Mixed PET Bottles available at Seethawaka factory.,Seethawaka Export Processing Zone,652.73,kg,0.9,73.93,48256.33,Available
3e1fc471-d2d5-4a2f-b35f-2126cf5253d8,2026-01-29,Organic,Food Waste,Loose Food Waste available at Colombo factory.,Colombo Industrial Zone,1913.16,kg,1.0,5.47,10464.99,Available
a1e97035-9da4-4cfc-a1cf-f625ff53e8c8,2026-01-29,Paper,Mixed,Baled Mixed available at Horana factory.,Horana Export Processing Zone,523.2,kg,0.98,32.72,17119.1,Sold
7189e0a7-1a8c-476c-a719-0c173161be45,2026-01-29,Textile Offcuts,Cotton,Mixed Cotton available at Katunayake factory.,Katunayake Export Processing Zone,1397.1,kg,1.1,76.58,106989.92,Available
c16b3f16-8733-4fe4-a489-475441640b43,2026-01-29,Textile Offcuts,Mixed,Mixed Mixed available at Seethawaka factory.,Seethawaka Export Processing Zone,117.06,kg,1.08,43.07,5041.77,Sold
92f0cda3-446b-481c-bcbe-162856897f8c,2026-01-29,Paper,Mixed,Baled Mixed available at Horana factory.,Horana Export Processing Zone,555.43,kg,1.18,20.77,11536.28,Available
56cb0454-b399-4b3e-bee4-e7ec39f7e490,2026-01-29,Organic,Food Waste,Baled Food Waste available at Katunayake factory.,Katunayake Export Processing Zone,89.42,kg,0.96,11.22,1003.29,Available
6879d1f6-e929-4a52-81a8-ffbcdaa79276,2026-01-29,Plastic,LDPE Wrap,Mixed LDPE Wrap available at Paliyagoda factory.,Paliyagoda,1372.68,kg,0.92,69.29,95113.0,Sold
2c7e673c-c1c0-40da-9ba4-b57326ed8874,2026-01-29,Textile Offcuts,Polyester,Dirty Polyester available at Colombo factory.,Colombo Industrial Zone,449.41,kg,1.12,47.32,21266.08,Available
7aee6e85-db70-49ce-bd99-72a0ccde42fe,2026-01-29,Organic,Food Waste,Leftover Food Waste available at Paliyagoda factory.,Paliyagoda,722.55,kg,0.99,13.02,9407.6,Available
13a82b68-54f8-447b-bf09-d62004961143,2026-01-29,Textile Offcuts,Polyester,Sorted Polyester available at Colombo factory.,Colombo Industrial Zone,1067.93,kg,1.05,78.23,83544.16,Available
9811b755-f4bf-4371-b978-df9b77c76eb3,2026-01-29,Plastic,HDPE Containers,Loose HDPE Containers available at Biyagama factory.,Biyagama Export Processing Zone,1691.49,kg,1.15,126.94,214717.74,Available
2d9cae8e-c940-4faa-b874-f4a5d241b97b,2026-01-29,Plastic,HDPE Containers,Leftover HDPE Containers available at Koggala factory.,Koggala Export Processing Zone,979.61,kg,1.07,101.0,98940.61,Available
1c619b5a-3c8b-4e37-b51f-f6e73cdf09cd,2026-01-29,Plastic,HDPE Containers,Sorted HDPE Containers available at Paliyagoda factory.,Paliyagoda,310.75,kg,1.17,147.48,45829.41,Available
502fadf0-b432-4647-95c9-5501888f59d0,2026-01-29,Metal,Steel Scraps,Dirty Steel Scraps available at Colombo factory.,Colombo Industrial Zone,1887.81,kg,1.19,183.5,346413.14,Available
63c380cf-e48c-4868-9b4e-a0e40f31ed63,2026-01-29,Metal,Aluminum Cans,Leftover Aluminum Cans available at Ekala factory.,Ekala Industrial Estate,1223.77,kg,1.09,446.37,546254.21,Available
aab52544-3426-4974-ad81-49ba33d930e5,2026-01-29,Metal,Steel Scraps,Sorted Steel Scraps available at Biyagama factory.,Biyagama Export Processing Zone,1111.08,kg,1.0,178.9,198772.21,Available
07c2a024-ec17-407b-bc2f-fad25ea97f48,2026-01-29,Plastic,LDPE Wrap,Clean LDPE Wrap available at Paliyagoda factory.,Paliyagoda,1143.16,kg,1.03,103.2,117974.11,Available
c912e0a5-13a3-469f-9839-83b5c63535a4,2026-01-29,Paper,Cardboard,Baled Cardboard available at Katunayake factory.,Katunayake Export Processing Zone,301.96,kg,1.15,62.32,18818.15,Sold
c53eab84-08b1-4911-b152-250727f3e941,2026-01-29,Textile Offcuts,Mixed,Clean Mixed available at Koggala factory.,Koggala Export Processing Zone,882.03,kg,0.99,27.27,24052.96,Available
426e6abc-3388-4e47-90ab-aac746b31e9f,2026-01-29,Plastic,PET Bottles,Leftover PET Bottles available at Seethawaka factory.,Seethawaka Export Processing Zone,1553.44,kg,1.14,141.18,219314.66,Available
22ab46f7-7847-4645-80ee-a36478aa7945,2026-01-29,Textile Offcuts,Mixed,Unsorted Mixed available at Colombo factory.,Colombo Industrial Zone,960.93,kg,0.82,35.55,34161.06,Available
46964ef0-e885-4cce-9b72-b722bef09eae,2026-01-29,Textile Offcuts,Mixed,Dirty Mixed available at Koggala factory.,Koggala Export Processing Zone,187.08,kg,1.16,41.72,7804.98,Available
57614732-48c0-4f1e-9d50-a003c114cf3a,2026-01-29,Paper,Mixed,Clean Mixed available at Katunayake factory.,Katunayake Export Processing Zone,826.82,kg,0.96,14.99,12394.03,Sold
111c3824-5473-4885-83bf-d73e3e304adb,2026-01-29,Paper,Mixed,Dirty Mixed available at Seethawaka factory.,Seethawaka Export Processing Zone,360.79,kg,0.84,12.79,4614.5,Sold
d897b557-aab5-469a-85c6-4e4c1ecf90d7,2026-01-29,Plastic,HDPE Containers,Clean HDPE Containers available at Ekala factory.,Ekala Industrial Estate,1201.1,kg,0.86,83.41,100183.75,Available
32ac4887-703f-4cb8-b01b-bfebc926b257,2026-01-29,Textile Offcuts,Cotton,Loose Cotton available at Biyagama factory.,Biyagama Export Processing Zone,1469.1,kg,0.88,72.82,106979.86,Available
d07179ec-e14d-401f-a8f9-1398b82bb4e2,2026-01-29,Textile Offcuts,Polyester,Mixed Polyester available at Paliyagoda factory.,Paliyagoda,1554.28,kg,1.01,53.25,82765.41,Available
4cd58d5b-8775-4459-b4a6-0109467567db,2026-01-29,Metal,Steel Scraps,Leftover Steel Scraps available at Ekala factory.,Ekala Industrial Estate,1896.44,kg,0.83,197.26,374091.75,Available
48a2ac98-1231-47ff-bb83-e048ba1b1476,2026-01-29,Metal,Steel Scraps,Loose Steel Scraps available at Colombo factory.,Colombo Industrial Zone,1267.81,kg,0.98,218.77,277358.79,Available
db464a97-364c-444f-a78b-ac5c7145b2fc,2026-01-29,Plastic,PET Bottles,Mixed PET Bottles available at Horana factory.,Horana Export Processing Zone,1575.64,kg,1.16,149.06,234864.9,Available
5be6a4b9-42eb-4972-aa2c-7b7c76d3cfcd,2026-01-29,Textile Offcuts,Cotton,Clean Cotton available at Seethawaka factory.,Seethawaka Export Processing Zone,1208.45,kg,0.96,123.19,148868.96,Available
aab80ac5-7392-4423-b29c-2853c9b416dd,2026-01-29,Organic,Food Waste,Leftover Food Waste available at Biyagama factory.,Biyagama Export Processing Zone,1256.42,kg,0.98,6.09,7651.6,Available
4170e5fc-5c9e-457c-9841-5bb23ac363e3,2026-01-29,Paper,Mixed,Clean Mixed available at Ekala factory.,Ekala Industrial Estate,146.43,kg,0.86,28.29,4142.5,Available
d33b59df-794d-4cfa-a396-c5be2da0b6f7,2026-01-29,Metal,Steel Scraps,Loose Steel Scraps available at Katunayake factory.,Katunayake Export Processing Zone,127.57,kg,0.93,168.24,21462.38,Available
6568194c-4865-4e9e-a4ee-1ad8c03e2e1c,2026-01-29,Chemical,Empty Drums (Plastic),Dirty Empty Drums (Plastic) available at Katunayake factory.,Katunayake Export Processing Zone,1851.86,units,0.96,546.78,1012560.01,Available
9fd025ca-c39b-424f-83ed-5525a6a65d82,2026-01-29,Textile Offcuts,Polyester,Clean Polyester available at Koggala factory.,Koggala Export Processing Zone,1098.9,kg,1.09,85.37,93813.09,Available
9ff25651-ab12-4f2b-b13c-4baf666e2f7c,2026-01-29,Textile Offcuts,Mixed,Sorted Mixed available at Seethawaka factory.,Seethawaka Export Processing Zone,1483.02,kg,1.19,59.77,88640.11,Available
34c524cb-450e-471d-94c3-0ecd00deff3f,2026-01-29,Paper,Mixed,Loose Mixed available at Katunayake factory.,Katunayake Export Processing Zone,654.45,kg,1.14,43.62,28547.11,Available
f9185571-85d9-497d-b8fd-8c2ada622744,2026-01-29,Plastic,HDPE Containers,Leftover HDPE Containers available at Biyagama factory.,Biyagama Export Processing Zone,1412.88,kg,0.85,116.56,164685.29,Sold
9928acdc-86f3-47d1-84b3-ff85ef5380b2,2026-01-29,Textile Offcuts,Polyester,Leftover Polyester available at Horana factory.,Horana Export Processing Zone,1131.3,kg,1.14,45.58,51564.65,Available
0b28f4c5-e4d4-485b-8e41-b7b4da2ca8df,2026-01-29,Textile Offcuts,Cotton,Sorted Cotton available at Paliyagoda factory.,Paliyagoda,1088.6,kg,1.05,148.24,161374.06,Available
bc95507d-9a0c-4aca-bef0-c7627183d3b8,2026-01-29,Chemical,Empty Drums (Plastic),Loose Empty Drums (Plastic) available at Ekala factory.,Ekala Industrial Estate,1565.56,units,1.2,883.38,1382984.39,Available
554718f3-9da0-4dfe-8efe-608ca67dc1de,2026-01-29,Textile Offcuts,Polyester,Leftover Polyester available at Seethawaka factory.,Seethawaka Export Processing Zone,342.53,kg,1.13,87.49,29967.95,Sold
10852f46-654e-4f10-b818-9dea05590e56,2026-01-29,Textile Offcuts,Polyester,Baled Polyester available at Koggala factory.,Koggala Export Processing Zone,427.5,kg,1.0,54.01,23089.27,Available
7eae27b2-8dcb-4a99-8181-cd331e0d8001,2026-01-29,Organic,Food Waste,Unsorted Food Waste available at Seethawaka factory.,Seethawaka Export Processing Zone,447.67,kg,0.95,8.29,3711.18,Available
1ef155fe-492a-40bf-96cd-3ba237305f4c,2026-01-29,Metal,Aluminum Cans,Leftover Aluminum Cans available at Horana factory.,Horana Export Processing Zone,1106.66,kg,0.91,295.07,326542.17,Available
374ab74e-4b5d-4f3f-8777-90be9a35fe1b,2026-01-29,Organic,Food Waste,Mixed Food Waste available at Colombo factory.,Colombo Industrial Zone,1403.82,kg,1.01,10.23,14361.08,Available
d55ca51d-2cc7-4102-b9b4-05c59964e07e,2026-01-29,Chemical,Empty Drums (Plastic),Dirty Empty Drums (Plastic) available at Biyagama factory.,Biyagama Export Processing Zone,1049.24,units,1.01,598.72,628200.97,Sold
afa10237-a322-493a-a50f-15000c8fc378,2026-01-29,Plastic,PET Bottles,Loose PET Bottles available at Colombo factory.,Colombo Industrial Zone,62.07,kg,1.1,129.74,8052.96,Available
e1c43909-1be7-4ec5-bf45-e7f9c5032ec6,2026-01-29,Plastic,HDPE Containers,Dirty HDPE Containers available at Ekala factory.,Ekala Industrial Estate,868.36,kg,0.85,79.64,69156.19,Available
9d8d3d4c-3269-40a3-b81c-737565b77b0a,2026-01-29,Metal,Aluminum Cans,Baled Aluminum Cans available at Biyagama factory.,Biyagama Export Processing Zone,444.96,kg,0.92,363.82,161885.35,Sold
0918b0b9-1978-4505-af63-3d93e3395fc3,2026-01-29,Metal,Steel Scraps,Clean Steel Scraps available at Horana factory.,Horana Export Processing Zone,939.15,kg,1.15,223.8,210181.77,Sold
b05589e8-5c79-4813-af2f-e57b6abcba77,2026-01-29,Textile Offcuts,Mixed,Dirty Mixed available at Biyagama factory.,Biyagama Export Processing Zone,177.72,kg,0.92,49.91,8870.01,Available
e2c8309b-e62f-49a5-ac1b-eb54dabea3f1,2026-01-29,Textile Offcuts,Polyester,Dirty Polyester available at Katunayake factory.,Katunayake Export Processing Zone,1393.11,kg,1.04,48.56,67649.42,Available
6f557ab4-73f0-436e-9ce8-e1a152378067,2026-01-29,Organic,Food Waste,Dirty Food Waste available at Koggala factory.,Koggala Export Processing Zone,1290.12,kg,0.85,8.43,10875.71,Available
23164994-c323-4973-bb40-d831339bd025,2026-01-29,Metal,Aluminum Cans,Leftover Aluminum Cans available at Colombo factory.,Colombo Industrial Zone,373.0,kg,1.1,335.2,125029.6,Available
b06a7880-a639-4242-bd65-fdcd5360c351,2026-01-29,Plastic,LDPE Wrap,Loose LDPE Wrap available at Seethawaka factory.,Seethawaka Export Processing Zone,1252.97,kg,1.18,123.21,154378.43,Available
f3167405-fb1f-4d42-b4d8-f9c815f9b410,2026-01-29,Organic,Food Waste,Leftover Food Waste available at Seethawaka factory.,Seethawaka Export Processing Zone,1690.88,kg,1.03,8.15,13780.67,Available
194e7615-28ea-4e7e-bb7e-0b390e74aeb6,2026-01-29,Metal,Aluminum Cans,Loose Aluminum Cans available at Koggala factory.,Koggala Export Processing Zone,212.82,kg,0.9,274.24,58363.76,Available
19b60659-1d28-479c-bf98-112f2d3ec551,2026-01-29,Metal,Aluminum Cans,Unsorted Aluminum Cans available at Colombo factory.,Colombo Industrial Zone,1913.05,kg,1.16,399.0,763306.95,Available
85f84fbe-2fe7-48f8-9075-393745a99dfb,2026-01-29,Textile Offcuts,Polyester,Sorted Polyester available at Biyagama factory.,Biyagama Export Processing Zone,466.61,kg,0.83,32.85,15328.14,Available
e54bb832-5ea7-4df4-a90f-22e726464888,2026-01-29,Metal,Aluminum Cans,Leftover Aluminum Cans available at Ekala factory.,Ekala Industrial Estate,433.57,kg,1.11,435.49,188815.4,Available
a567aaf5-1b71-4335-b960-d62e5cab6347,2026-01-29,Textile Offcuts,Polyester,Clean Polyester available at Horana factory.,Horana Export Processing Zone,874.16,kg,1.13,60.74,53096.48,Available
6335c490-8393-4331-88f8-958c6632b153,2026-01-29,Organic,Food Waste,Loose Food Waste available at Paliyagoda factory.,Paliyagoda,1887.44,kg,1.15,15.14,28575.84,Available
75d26a60-df15-4e12-a21d-02a0d31098f0,2026-01-29,Plastic,LDPE Wrap,Baled LDPE Wrap available at Biyagama factory.,Biyagama Export Processing Zone,1393.46,kg,1.0,104.71,145909.2,Sold
fae8d5e0-2587-4d35-ad88-abff71cbf43a,2026-01-29,Textile Offcuts,Polyester,Leftover Polyester available at Seethawaka factory.,Seethawaka Export Processing Zone,1893.92,kg,1.01,32.48,61514.52,Available
f91b0e01-54d1-4dfc-ba59-1606efecdb77,2026-01-29,Textile Offcuts,Mixed,Loose Mixed available at Seethawaka factory.,Seethawaka Export Processing Zone,1486.7,kg,0.94,43.92,65295.86,Sold
dc958077-9376-4263-a27c-6586c77af555,2026-01-29,Chemical,Empty Drums (Plastic),Mixed Empty Drums (Plastic) available at Katunayake factory.,Katunayake Export Processing Zone,1538.69,units,0.87,567.41,873068.09,Available
d4bd6ff2-9b4b-4d73-af94-545358813c1b,2026-01-29,Organic,Food Waste,Sorted Food Waste available at Koggala factory.,Koggala Export Processing Zone,178.65,kg,0.84,9.5,1697.17,Available
98f342de-7dd7-4818-af8c-a4cc7307c7e0,2026-01-29,Paper,Mixed,Clean Mixed available at Katunayake factory.,Katunayake Export Processing Zone,1837.3,kg,1.1,24.43,44885.24,Sold
e44cf29b-f9bc-4073-80e9-9031dba37c4c,2026-01-29,Organic,Food Waste,Dirty Food Waste available at Seethawaka factory.,Seethawaka Export Processing Zone,1767.34,kg,0.84,11.72,20713.22,Available
26ecf8f8-15b2-4d25-9dd7-35d9e6d11f9c,2026-01-29,Metal,Steel Scraps,Baled Steel Scraps available at Paliyagoda factory.,Paliyagoda,1286.57,kg,0.81,189.99,244435.43,Available
53b6c03a-821b-4394-8184-bd1c60a8ecd6,2026-01-29,Metal,Aluminum Cans,Loose Aluminum Cans available at Biyagama factory.,Biyagama Export Processing Zone,1939.14,kg,0.84,317.47,615618.78,Sold
3520e074-fc7b-4a98-a533-42928b0c9cfa,2026-01-29,Plastic,PET Bottles,Unsorted PET Bottles available at Katunayake factory.,Katunayake Export Processing Zone,1315.83,kg,1.01,105.11,138306.89,Available
999d0167-af73-4c69-a628-7bd1f1bff013,2026-01-29,Plastic,LDPE Wrap,Dirty LDPE Wrap available at Biyagama factory.,Biyagama Export Processing Zone,1539.32,kg,1.04,84.17,129564.56,Available
709b2116-eb79-4924-ac12-c473749e7e8b,2026-01-29,Paper,Mixed,Baled Mixed available at Horana factory.,Horana Export Processing Zone,826.92,kg,0.97,26.52,21929.92,Available
f69e041a-a58c-4565-a84f-c71825129f3c,2026-01-29,Metal,Aluminum Cans,Baled Aluminum Cans available at Colombo factory.,Colombo Industrial Zone,378.06,kg,0.86,269.32,101819.12,Available
de8c0381-4484-4668-acab-b065c760d96b,2026-01-29,Paper,Mixed,Leftover Mixed available at Paliyagoda factory.,Paliyagoda,375.66,kg,1.13,25.66,9639.44,Available
7ccaaf95-1815-4bc7-ae1a-68f605a86b5f,2026-01-29,Paper,Cardboard,Baled Cardboard available at Colombo factory.,Colombo Industrial Zone,942.44,kg,0.97,39.94,37641.05,Available
441c9d4d-c452-44cf-8351-f6e1aaafd825,2026-01-29,Plastic,HDPE Containers,Dirty HDPE Containers available at Seethawaka factory.,Seethawaka Export Processing Zone,921.45,kg,1.02,135.8,125132.91,Available
38ca4a5a-e1f5-4017-93c1-b095f1b117c5,2026-01-29,Textile Offcuts,Mixed,Baled Mixed available at Colombo factory.,Colombo Industrial Zone,1493.29,kg,1.05,59.4,88701.43,Available
648ad866-8d38-4f57-8f08-7748ee6e49ce,2026-01-29,Paper,Cardboard,Unsorted Cardboard available at Katunayake factory.,Katunayake Export Processing Zone,134.66,kg,0.99,55.12,7422.46,Available
82be616f-7eb7-41bc-9aec-2eaa3b3babcf,2026-01-29,Plastic,LDPE Wrap,Clean LDPE Wrap available at Horana factory.,Horana Export Processing Zone,362.47,kg,0.86,96.29,34902.24,Available
0255d6b1-b35a-4230-a040-6f980836b77a,2026-01-29,Plastic,HDPE Containers,Leftover HDPE Containers available at Katunayake factory.,Katunayake Export Processing Zone,1923.82,kg,1.2,125.8,242016.56,Available
4d2894d3-a972-4a54-ad94-7303080d39f8,2026-01-29,Metal,Steel Scraps,Mixed Steel Scraps available at Koggala factory.,Koggala Export Processing Zone,1859.96,kg,0.92,222.06,413022.72,Sold
9d98fcbc-89fa-4f60-8bbc-669fb881b9e7,2026-01-29,Textile Offcuts,Cotton,Sorted Cotton available at Colombo factory.,Colombo Industrial Zone,862.73,kg,1.07,85.84,74056.74,Available
58968a1c-5143-48d0-8ba8-647c2a5dbddd,2026-01-29,Plastic,HDPE Containers,Leftover HDPE Containers available at Horana factory.,Horana Export Processing Zone,1053.19,kg,0.99,125.72,132407.05,Available
7b0853da-4111-423f-91c2-252aa19793d5,2026-01-29,Plastic,HDPE Containers,Leftover HDPE Containers available at Horana factory.,Horana Export Processing Zone,1648.28,kg,0.93,89.8,148015.54,Available
924e2c35-0eec-4dcf-9636-c84b31284a5d,2026-01-29,Plastic,HDPE Containers,Dirty HDPE Containers available at Ekala factory.,Ekala Industrial Estate,529.46,kg,0.93,115.03,60903.78,Sold
fe5da69d-539a-4074-aafc-3a6e5a5c7de1,2026-01-29,Chemical,Empty Drums (Plastic),Dirty Empty Drums (Plastic) available at Biyagama factory.,Biyagama Export Processing Zone,219.03,units,1.05,601.3,131702.74,Available
1893afe9-febe-4526-956b-cefd4baa669e,2026-01-29,Textile Offcuts,Mixed,Baled Mixed available at Paliyagoda factory.,Paliyagoda,1711.79,kg,1.04,37.35,63935.36,Available
b7597d78-aaef-4297-8115-a26d28d79cba,2026-01-29,Textile Offcuts,Cotton,Dirty Cotton available at Biyagama factory.,Biyagama Export Processing Zone,660.07,kg,0.94,104.04,68673.68,Available
dcf829eb-498e-400e-ae16-dfe7d7f5de29,2026-01-29,Chemical,Empty Drums (Plastic),Dirty Empty Drums (Plastic) available at Colombo factory.,Colombo Industrial Zone,1089.89,units,0.96,652.64,711305.81,Sold
29d70c9a-4ffb-421c-91f1-2a6b129e3cd4,2026-01-29,Plastic,LDPE Wrap,Mixed LDPE Wrap available at Horana factory.,Horana Export Processing Zone,1434.77,kg,1.2,115.5,165715.93,Sold
f1505fd4-f517-416d-9643-a0369aa0f93b,2026-01-29,Metal,Aluminum Cans,Loose Aluminum Cans available at Ekala factory.,Ekala Industrial Estate,1825.03,kg,0.83,267.22,487684.52,Sold
60f75a84-4a46-4697-8a7b-700570a7bbed,2026-01-29,Textile Offcuts,Polyester,Clean Polyester available at Colombo factory.,Colombo Industrial Zone,994.54,kg,1.1,55.56,55256.64,Available
8d66b65f-df21-4a27-a622-517d9916cf13,2026-01-29,Textile Offcuts,Mixed,Mixed Mixed available at Seethawaka factory.,Seethawaka Export Processing Zone,1524.34,kg,0.85,33.85,51598.91,Available
5116223d-e4a1-406c-aa44-8027646f96d6,2026-01-29,Organic,Food Waste,Sorted Food Waste available at Seethawaka factory.,Seethawaka Export Processing Zone,1925.03,kg,1.17,7.13,13725.46,Available
fb27c831-ff5e-4886-990f-4aa20957d75e,2026-01-29,Chemical,Empty Drums (Plastic),Unsorted Empty Drums (Plastic) available at Seethawaka factory.,Seethawaka Export Processing Zone,461.7,units,0.94,676.64,312404.69,Sold
a0d3c42b-dc40-410b-a505-02006070786e,2026-01-29,Textile Offcuts,Polyester,Leftover Polyester available at Ekala factory.,Ekala Industrial Estate,1504.95,kg,0.88,55.18,83043.14,Available
4d214207-91f7-4544-9b9a-3fd6862d8a53,2026-01-29,Plastic,PET Bottles,Clean PET Bottles available at Horana factory.,Horana Export Processing Zone,729.61,kg,1.16,104.48,76229.65,Available
1b83764b-5d0b-4bec-8ece-f06a171e9c35,2026-01-29,Plastic,LDPE Wrap,Loose LDPE Wrap available at Biyagama factory.,Biyagama Export Processing Zone,1766.41,kg,0.96,92.62,163604.89,Available
14a967f3-f2f4-432f-b278-a19224cec059,2026-01-29,Paper,Cardboard,Unsorted Cardboard available at Katunayake factory.,Katunayake Export Processing Zone,1810.54,kg,0.93,41.34,74847.72,Sold
2954cca3-d543-4592-b1d7-0ac85bb99581,2026-01-29,Metal,Steel Scraps,Sorted Steel Scraps available at Koggala factory.,Koggala Export Processing Zone,1334.47,kg,1.16,216.58,289019.51,Available
e344a901-4cdb-4b0a-8852-5c580150e27c,2026-01-29,Plastic,HDPE Containers,Unsorted HDPE Containers available at Seethawaka factory.,Seethawaka Export Processing Zone,1819.3,kg,0.94,96.23,175071.24,Available
9b475339-fab5-4151-8b2c-29b61a6ca929,2026-01-29,Textile Offcuts,Polyester,Sorted Polyester available at Ekala factory.,Ekala Industrial Estate,481.02,kg,0.93,78.2,37615.76,Available
023c289c-13f5-444b-a04c-e295a63c9891,2026-01-29,Textile Offcuts,Polyester,Baled Polyester available at Colombo factory.,Colombo Industrial Zone,282.57,kg,0.86,40.13,11339.53,Available
7a672cd3-06cd-43f7-847b-142efa00e65d,2026-01-29,Chemical,Empty Drums (Plastic),Unsorted Empty Drums (Plastic) available at Biyagama factory.,Biyagama Export Processing Zone,612.74,units,0.91,477.82,292779.43,Available
02c73995-7dc4-40ff-ae42-e88f586de353,2026-01-29,Chemical,Empty Drums (Plastic),Dirty Empty Drums (Plastic) available at Paliyagoda factory.,Paliyagoda,962.73,units,1.05,616.22,593253.48,Available
9f425e51-e770-49ec-89fd-f093721d9a08,2026-01-29,Metal,Aluminum Cans,Loose Aluminum Cans available at Paliyagoda factory.,Paliyagoda,1664.43,kg,0.93,315.0,524295.45,Available
51956268-a117-442f-b78b-0afce617be93,2026-01-29,Paper,Cardboard,Loose Cardboard available at Seethawaka factory.,Seethawaka Export Processing Zone,160.98,kg,0.97,44.23,7120.15,Sold
599d2e45-d54a-43f6-81d3-95270c2ab8d0,2026-01-29,Plastic,LDPE Wrap,Loose LDPE Wrap available at Koggala factory.,Koggala Export Processing Zone,1511.74,kg,0.89,91.99,139064.96,Available
83d56e9e-92a8-437c-a7b5-c5513387b9d9,2026-01-29,Metal,Steel Scraps,Loose Steel Scraps available at Colombo factory.,Colombo Industrial Zone,396.69,kg,0.93,159.88,63422.8,Available
022830f9-063d-4bfe-a12c-5253d0d47f33,2026-01-29,Organic,Food Waste,Mixed Food Waste available at Katunayake factory.,Katunayake Export Processing Zone,1595.91,kg,1.14,10.19,16262.32,Available
8dae932e-283d-4a13-b0bb-e7ce1c752efd,2026-01-29,Textile Offcuts,Polyester,Mixed Polyester available at Ekala factory.,Ekala Industrial Estate,1549.96,kg,0.99,64.53,100018.92,Available
aa654084-7842-4086-aafd-d2c23b00199a,2026-01-29,Plastic,LDPE Wrap,Unsorted LDPE Wrap available at Colombo factory.,Colombo Industrial Zone,1695.26,kg,1.03,73.99,125432.29,Available
4cbf9c52-e998-4460-824a-f5d3f017c2a5,2026-01-29,Organic,Food Waste,Baled Food Waste available at Colombo factory.,Colombo Industrial Zone,243.9,kg,1.05,7.02,1712.18,Available
8c6248ab-235a-41e8-a489-919c6bf16030,2026-01-29,Plastic,HDPE Containers,Loose HDPE Containers available at Colombo factory.,Colombo Industrial Zone,1794.28,kg,0.8,110.63,198501.2,Available
69fd2e71-6543-49ae-9944-1317a39bca58,2026-01-29,Plastic,PET Bottles,Dirty PET Bottles available at Colombo factory.,Colombo Industrial Zone,327.23,kg,0.86,73.86,24169.21,Available
fc5f732c-f46d-46a2-ab29-94e428331e22,2026-01-29,Metal,Steel Scraps,Leftover Steel Scraps available at Seethawaka factory.,Seethawaka Export Processing Zone,741.64,kg,0.86,204.13,151390.97,Sold
257bc2a6-63c2-4cda-91e4-ef1e6e6f9d26,2026-01-29,Textile Offcuts,Polyester,Mixed Polyester available at Koggala factory.,Koggala Export Processing Zone,284.18,kg,0.91,80.66,22921.96,Available
2300f775-ee44-4c85-9ed1-98e0b110cdd1,2026-01-29,Organic,Food Waste,Mixed Food Waste available at Katunayake factory.,Katunayake Export Processing Zone,259.66,kg,0.91,7.9,2051.31,Available
0533df18-4cea-4c4f-893d-ca997474c05b,2026-01-29,Plastic,LDPE Wrap,Clean LDPE Wrap available at Biyagama factory.,Biyagama Export Processing Zone,396.05,kg,1.07,82.32,32602.84,Available
9bff9ebe-8cf3-497c-8037-a5018ffd64f0,2026-01-29,Chemical,Empty Drums (Plastic),Mixed Empty Drums (Plastic) available at Horana factory.,Horana Export Processing Zone,580.45,units,0.97,519.2,301369.64,Available
5c1189e7-554c-4b04-a5d7-ccdf19225cb1,2026-01-29,Textile Offcuts,Polyester,Loose Polyester available at Seethawaka factory.,Seethawaka Export Processing Zone,196.7,kg,0.96,30.64,6026.89,Available
fd0cf887-64cc-4ec1-a912-9a8837a629cc,2026-01-29,Plastic,LDPE Wrap,Clean LDPE Wrap available at Paliyagoda factory.,Paliyagoda,678.62,kg,1.14,131.44,89197.81,Available
949faa18-249e-4074-9ecf-9ed02eebe017,2026-01-29,Plastic,PET Bottles,Clean PET Bottles available at Ekala factory.,Ekala Industrial Estate,1531.26,kg,1.07,88.36,135302.13,Available
263ef3c3-7481-42db-9505-ab5fc8bfbd56,2026-01-29,Paper,Cardboard,Clean Cardboard available at Koggala factory.,Koggala Export Processing Zone,708.17,kg,1.05,48.52,34360.41,Available
998f28c0-9d34-43b9-bfa3-9eba22985496,2026-01-29,Plastic,LDPE Wrap,Sorted LDPE Wrap available at Horana factory.,Horana Export Processing Zone,812.37,kg,1.13,116.76,94852.32,Available
285d2898-7a1e-453f-9505-e0f6c0912aba,2026-01-29,Textile Offcuts,Mixed,Unsorted Mixed available at Ekala factory.,Ekala Industrial Estate,719.03,kg,0.96,26.95,19377.86,Available
8ff43546-f771-4cb8-a623-5ec3af8eff9b,2026-01-29,Chemical,Empty Drums (Plastic),Unsorted Empty Drums (Plastic) available at Seethawaka factory.,Seethawaka Export Processing Zone,826.52,units,0.89,676.46,559107.72,Available
22de4062-56d6-45ed-af50-91f47fb7caa3,2026-01-29,Paper,Cardboard,Unsorted Cardboard available at Paliyagoda factory.,Paliyagoda,1065.58,kg,1.04,38.26,40769.09,Sold
69777f54-ca9f-427f-a4e4-052127084b30,2026-01-29,Metal,Aluminum Cans,Mixed Aluminum Cans available at Koggala factory.,Koggala Export Processing Zone,56.72,kg,1.2,395.85,22452.61,Available
13f99452-0b87-4ffb-98f0-ce9d58f43eb0,2026-01-29,Textile Offcuts,Cotton,Leftover Cotton available at Horana factory.,Horana Export Processing Zone,1514.03,kg,0.96,113.99,172584.28,Available
e78e19b8-49a2-4b07-b441-1952d649285c,2026-01-29,Paper,Cardboard,Mixed Cardboard available at Colombo factory.,Colombo Industrial Zone,1252.85,kg,1.03,33.39,41832.66,Available
c1cc392b-7f85-4425-a024-f9a77ca867af,2026-01-29,Plastic,LDPE Wrap,Leftover LDPE Wrap available at Koggala factory.,Koggala Export Processing Zone,1542.22,kg,0.82,91.45,141036.02,Available
116eca35-639f-4ccf-bd4a-20a734d24acd,2026-01-29,Paper,Cardboard,Dirty Cardboard available at Koggala factory.,Koggala Export Processing Zone,1073.53,kg,0.92,37.9,40686.79,Sold
4a571b38-34c8-43e5-9259-9ed061282966,2026-01-29,Textile Offcuts,Cotton,Leftover Cotton available at Horana factory.,Horana Export Processing Zone,171.6,kg,1.02,131.82,22620.31,Available
4f697194-1147-45dc-bdae-b9d17e92baec,2026-01-29,Textile Offcuts,Cotton,Dirty Cotton available at Horana factory.,Horana Export Processing Zone,875.42,kg,1.05,101.73,89056.48,Available
49aff71c-bbb1-4791-a946-ffeb315510e3,2026-01-29,Textile Offcuts,Polyester,Dirty Polyester available at Seethawaka factory.,Seethawaka Export Processing Zone,1204.44,kg,1.19,73.38,88381.81,Available
d812b91d-587e-4019-8c84-4784b1593fe3,2026-01-29,Chemical,Empty Drums (Plastic),Baled Empty Drums (Plastic) available at Koggala factory.,Koggala Export Processing Zone,353.77,units,1.12,610.46,215962.43,Available
d646da4d-acd7-40f7-b301-faad7911d847,2026-01-29,Metal,Steel Scraps,Clean Steel Scraps available at Colombo factory.,Colombo Industrial Zone,1534.36,kg,0.89,183.78,281984.68,Available
171bdf7c-248f-40a8-b8ea-cf8a27199bc0,2026-01-29,Paper,Mixed,Leftover Mixed available at Horana factory.,Horana Export Processing Zone,754.29,kg,0.94,18.93,14278.71,Sold
1bd28a0a-428c-4580-b265-09135170357c,2026-01-29,Plastic,PET Bottles,Loose PET Bottles available at Colombo factory.,Colombo Industrial Zone,856.19,kg,1.03,123.06,105362.74,Sold
2d2211c4-645e-4e8a-bb51-ca1cc1dafcab,2026-01-29,Textile Offcuts,Polyester,Leftover Polyester available at Koggala factory.,Koggala Export Processing Zone,1761.5,kg,0.96,55.08,97023.42,Sold
5fca69af-2ba4-4646-92e9-f89afbdbaf60,2026-01-29,Textile Offcuts,Mixed,Sorted Mixed available at Koggala factory.,Koggala Export Processing Zone,655.56,kg,1.07,39.77,26071.62,Available
c6edf932-b409-4f3e-a44b-4657a8f1ac7a,2026-01-29,Textile Offcuts,Cotton,Sorted Cotton available at Horana factory.,Horana Export Processing Zone,747.65,kg,0.93,137.04,102457.96,Available
45b621f2-315b-49a4-9e17-34549c7f004c,2026-01-29,Plastic,LDPE Wrap,Loose LDPE Wrap available at Katunayake factory.,Katunayake Export Processing Zone,1196.91,kg,1.1,106.21,127123.81,Available
ee85799c-6154-4614-9108-6c1d6e2da6fc,2026-01-29,Plastic,LDPE Wrap,Dirty LDPE Wrap available at Paliyagoda factory.,Paliyagoda,462.81,kg,1.11,128.37,59410.92,Sold
e41cde4e-6222-4c42-a35a-4248623cc3dd,2026-01-29,Plastic,PET Bottles,Loose PET Bottles available at Paliyagoda factory.,Paliyagoda,1863.24,kg,1.09,123.27,229681.59,Sold
07fcdfab-ec78-4872-bab3-cac799fe7ab2,2026-01-29,Plastic,LDPE Wrap,Sorted LDPE Wrap available at Seethawaka factory.,Seethawaka Export Processing Zone,1558.82,kg,1.04,106.03,165281.68,Available
f5705172-8a79-4f01-aa2f-4c6a06c4267d,2026-01-29,Organic,Food Waste,Unsorted Food Waste available at Horana factory.,Horana Export Processing Zone,1196.65,kg,0.96,11.9,14240.14,Sold
a595d1ca-528e-4080-afd7-e2d980e65d38,2026-01-29,Plastic,HDPE Containers,Loose HDPE Containers available at Seethawaka factory.,Seethawaka Export Processing Zone,784.17,kg,1.04,101.71,79757.93,Available
7ccaa547-5814-45ed-ba0e-e10bd8651a70,2026-01-29,Metal,Steel Scraps,Clean Steel Scraps available at Biyagama factory.,Biyagama Export Processing Zone,1092.37,kg,0.94,143.6,156864.33,Available
0bf15ddb-c52a-4ae0-9025-051adc855510,2026-01-29,Plastic,LDPE Wrap,Unsorted LDPE Wrap available at Colombo factory.,Colombo Industrial Zone,852.97,kg,1.06,110.65,94381.13,Sold
a9ae8d1d-19ab-4966-84a2-857ba4e81a61,2026-01-29,Organic,Food Waste,Loose Food Waste available at Koggala factory.,Koggala Export Processing Zone,881.14,kg,0.87,10.2,8987.63,Sold
a2a66d72-ab4d-442a-81f3-7b0de25dfe89,2026-01-29,Chemical,Empty Drums (Plastic),Sorted Empty Drums (Plastic) available at Paliyagoda factory.,Paliyagoda,975.83,units,0.96,671.62,655386.94,Available
951b1cdc-a3b6-4dcb-93ab-66c40bd05073,2026-01-29,Plastic,PET Bottles,Sorted PET Bottles available at Koggala factory.,Koggala Export Processing Zone,185.47,kg,0.84,94.34,17497.24,Available
c6ae2661-f5d9-4e7e-9fc3-c5dad2534537,2026-01-29,Paper,Cardboard,Clean Cardboard available at Paliyagoda factory.,Paliyagoda,950.61,kg,0.96,43.94,41769.8,Available
a3dcead2-f798-43f2-93bc-96af0bfe03d2,2026-01-29,Organic,Food Waste,Unsorted Food Waste available at Horana factory.,Horana Export Processing Zone,1164.58,kg,0.88,8.96,10434.64,Sold
7334b8aa-0ee2-4321-b1dd-c7e4c282343c,2026-01-29,Textile Offcuts,Mixed,Sorted Mixed available at Paliyagoda factory.,Paliyagoda,1304.59,kg,0.9,50.41,65764.38,Available
3e4ff314-aede-4796-96e5-bf7bcf16f136,2026-01-29,Textile Offcuts,Polyester,Mixed Polyester available at Colombo factory.,Colombo Industrial Zone,1759.24,kg,0.96,84.0,147776.16,Sold
a341090d-abf0-48f5-b71f-adfb5d91a9bd,2026-01-29,Metal,Aluminum Cans,Mixed Aluminum Cans available at Colombo factory.,Colombo Industrial Zone,1869.72,kg,1.05,383.12,716327.13,Sold
c0befb59-f05a-46c8-8a92-adf4fe6b7d3b,2026-01-29,Plastic,LDPE Wrap,Unsorted LDPE Wrap available at Paliyagoda factory.,Paliyagoda,996.04,kg,1.11,105.86,105440.79,Available
7574e15c-ffd6-42e3-82dd-2824a3b7679b,2026-01-29,Plastic,HDPE Containers,Sorted HDPE Containers available at Horana factory.,Horana Export Processing Zone,1805.02,kg,0.99,103.34,186530.77,Available
0536ce7d-16ac-421e-8e75-440855310600,2026-01-29,Metal,Aluminum Cans,Unsorted Aluminum Cans available at Colombo factory.,Colombo Industrial Zone,1613.81,kg,0.95,382.27,616911.15,Available
318f4ca8-edad-4d1e-8d1b-784fa46cc9f2,2026-01-29,Paper,Cardboard,Loose Cardboard available at Koggala factory.,Koggala Export Processing Zone,1671.01,kg,0.95,48.56,81144.25,Available
7d746175-c4e8-48db-976a-b2c83125eea7,2026-01-29,Textile Offcuts,Polyester,Baled Polyester available at Katunayake factory.,Katunayake Export Processing Zone,156.12,kg,1.05,65.82,10275.82,Available
76baecb4-e317-45bd-8e1b-2e80dd7ee4c7,2026-01-29,Textile Offcuts,Polyester,Loose Polyester available at Seethawaka factory.,Seethawaka Export Processing Zone,1763.24,kg,0.92,67.45,118930.54,Available
50ed9a08-bfd4-460d-8798-76946491f60a,2026-01-29,Paper,Cardboard,Unsorted Cardboard available at Seethawaka factory.,Seethawaka Export Processing Zone,1782.04,kg,1.11,39.72,70782.63,Available
ee1596be-abb4-434e-905a-6de3aa697383,2026-01-29,Plastic,HDPE Containers,Baled HDPE Containers available at Colombo factory.,Colombo Industrial Zone,341.11,kg,1.11,140.98,48089.69,Available
b772ff38-9cdf-48b2-9cf1-2cf9345f7a33,2026-01-29,Metal,Steel Scraps,Baled Steel Scraps available at Seethawaka factory.,Seethawaka Export Processing Zone,1065.82,kg,0.82,168.92,180038.31,Available
8d9b846c-bc78-4222-b59d-a998afe465e0,2026-01-29,Textile Offcuts,Mixed,Sorted Mixed available at Horana factory.,Horana Export Processing Zone,368.82,kg,1.12,28.87,10647.83,Available
3f13a25d-db5d-457e-bfff-0ecd7c91e8dd,2026-01-29,Metal,Aluminum Cans,Dirty Aluminum Cans available at Ekala factory.,Ekala Industrial Estate,1664.53,kg,1.05,354.24,589643.11,Sold
c3476452-eedd-4554-a4d9-0a59e846dd21,2026-01-29,Chemical,Empty Drums (Plastic),Sorted Empty Drums (Plastic) available at Colombo factory.,Colombo Industrial Zone,979.36,units,1.16,826.1,809049.3,Available
7e8d6999-f849-4fde-bcab-7d993e0b3d92,2026-01-29,Plastic,HDPE Containers,Mixed HDPE Containers available at Seethawaka factory.,Seethawaka Export Processing Zone,566.51,kg,0.93,85.47,48419.61,Sold
be73ddd6-6b6f-473e-bcae-1bafb05b9152,2026-01-29,Paper,Cardboard,Baled Cardboard available at Horana factory.,Horana Export Processing Zone,923.32,kg,1.18,47.25,43626.87,Available
61f9f4e2-9197-4fc5-b94d-3c6d7338211b,2026-01-29,Chemical,Empty Drums (Plastic),Sorted Empty Drums (Plastic) available at Ekala factory.,Ekala Industrial Estate,1130.57,units,1.01,620.1,701066.46,Sold
abfa17c7-3fd4-436c-81cd-9da6904b9013,2026-01-29,Plastic,LDPE Wrap,Leftover LDPE Wrap available at Horana factory.,Horana Export Processing Zone,262.01,kg,0.83,81.57,21372.16,Available
b5c403c4-7d12-4749-a007-26bed8efda2d,2026-01-29,Metal,Aluminum Cans,Loose Aluminum Cans available at Katunayake factory.,Katunayake Export Processing Zone,1071.81,kg,1.13,508.54,545058.26,Available
06b57f57-2f6c-45b6-96ad-5eea57b0af50,2026-01-29,Paper,Cardboard,Clean Cardboard available at Seethawaka factory.,Seethawaka Export Processing Zone,745.38,kg,1.2,64.17,47831.03,Available
0229fc28-7bdc-4098-b649-ae1ceacbab5f,2026-01-29,Textile Offcuts,Mixed,Baled Mixed available at Ekala factory.,Ekala Industrial Estate,945.32,kg,0.96,20.09,18991.48,Available
b1292bd8-a711-4792-841e-10fb3cc8be42,2026-01-29,Paper,Cardboard,Unsorted Cardboard available at Biyagama factory.,Biyagama Export Processing Zone,157.84,kg,1.14,63.31,9992.85,Sold
eb96620f-0831-4fbd-8cce-dcf8d9640c23,2026-01-29,Metal,Aluminum Cans,Baled Aluminum Cans available at Biyagama factory.,Biyagama Export Processing Zone,454.09,kg,1.01,367.68,166959.81,Available
ff8ebf7b-698f-4d97-8f89-cd6b719a8051,2026-01-29,Plastic,HDPE Containers,Loose HDPE Containers available at Katunayake factory.,Katunayake Export Processing Zone,1999.87,kg,0.81,94.41,188807.73,Available
dcd01377-4d42-426d-a7c1-be4e6664d5c4,2026-01-29,Metal,Aluminum Cans,Leftover Aluminum Cans available at Horana factory.,Horana Export Processing Zone,53.96,kg,1.09,330.58,17838.1,Available
4237cc86-7ee5-482d-8aa1-a7a15cff8261,2026-01-29,Organic,Food Waste,Mixed Food Waste available at Biyagama factory.,Biyagama Export Processing Zone,1032.19,kg,1.17,8.74,9021.34,Sold
678ada9e-9e90-47b6-92d3-f3c42c5a3a4c,2026-01-29,Plastic,PET Bottles,Clean PET Bottles available at Katunayake factory.,Katunayake Export Processing Zone,1699.19,kg,0.84,71.11,120829.4,Available
c5cc7ccd-d464-4cc1-9bd6-00d406b5253c,2026-01-29,Paper,Mixed,Clean Mixed available at Katunayake factory.,Katunayake Export Processing Zone,662.38,kg,1.15,42.66,28257.13,Available
5a5ed040-d5f2-403f-ae73-950c52e57460,2026-01-29,Paper,Cardboard,Dirty Cardboard available at Katunayake factory.,Katunayake Export Processing Zone,236.23,kg,1.08,43.31,10231.12,Available
644d36b4-ce68-4969-8d02-e46abaf13c12,2026-01-29,Paper,Mixed,Clean Mixed available at Paliyagoda factory.,Paliyagoda,1999.39,kg,1.03,39.98,79935.61,Available
77d51b46-cfcf-4e43-9b4f-8d8f95bc6383,2026-01-29,Textile Offcuts,Mixed,Dirty Mixed available at Seethawaka factory.,Seethawaka Export Processing Zone,1254.34,kg,1.07,22.35,28034.5,Available
1c43b755-7cba-4893-8c6b-428a77f50b8d,2026-01-29,Chemical,Empty Drums (Plastic),Mixed Empty Drums (Plastic) available at Paliyagoda factory.,Paliyagoda,1506.1,units,1.06,616.62,928691.38,Available
7a2e8794-67e2-428b-861d-fd0b4e6746ab,2026-01-29,Plastic,PET Bottles,Clean PET Bottles available at Paliyagoda factory.,Paliyagoda,1586.3,kg,1.15,145.84,231345.99,Sold
02ed96f1-60f3-4d08-b927-b0fddc95d847,2026-01-29,Plastic,HDPE Containers,Mixed HDPE Containers available at Katunayake factory.,Katunayake Export Processing Zone,1152.91,kg,1.15,137.73,158790.29,Available
9f9c91a3-d9d6-4e38-bb5a-16e65501be7a,2026-01-29,Textile Offcuts,Mixed,Loose Mixed available at Seethawaka factory.,Seethawaka Export Processing Zone,548.25,kg,1.03,47.91,26266.66,Sold
60adb85f-e7fd-441f-b920-987f593896d5,2026-01-29,Textile Offcuts,Polyester,Unsorted Polyester available at Paliyagoda factory.,Paliyagoda,1152.08,kg,0.84,51.61,59458.85,Available
71a85d63-c741-4c0b-be95-b1c0d484d8e3,2026-01-29,Metal,Aluminum Cans,Baled Aluminum Cans available at Ekala factory.,Ekala Industrial Estate,1764.06,kg,1.06,323.81,571220.27,Available
1a7bb33e-77bc-4848-9d6c-8c9f3e2d774b,2026-01-29,Paper,Mixed,Sorted Mixed available at Koggala factory.,Koggala Export Processing Zone,287.68,kg,1.11,19.26,5540.72,Available
6e8153b3-201f-4cd5-aea3-79439cbbed28,2026-01-29,Textile Offcuts,Polyester,Loose Polyester available at Biyagama factory.,Biyagama Export Processing Zone,1673.06,kg,1.02,55.46,92787.91,Available
d80dc2fe-e884-45b6-908c-7c54592e4204,2026-01-29,Metal,Steel Scraps,Loose Steel Scraps available at Ekala factory.,Ekala Industrial Estate,1285.72,kg,0.86,172.26,221478.13,Available
f46dd979-aeb9-47e4-8b8e-c0d6a5702b9e,2026-01-29,Plastic,HDPE Containers,Dirty HDPE Containers available at Seethawaka factory.,Seethawaka Export Processing Zone,865.3,kg,0.97,113.77,98445.18,Available
3725b27c-74f4-4309-afd5-490bbc7f7cf5,2026-01-29,Plastic,LDPE Wrap,Dirty LDPE Wrap available at Ekala factory.,Ekala Industrial Estate,1320.62,kg,0.97,92.3,121893.23,Available
09e3584e-2127-41ff-b9e8-d6029eedbdce,2026-01-29,Metal,Steel Scraps,Loose Steel Scraps available at Ekala factory.,Ekala Industrial Estate,1769.08,kg,0.88,212.11,375239.56,Available
4f8b5403-16c1-4955-93c2-4659f5c7dba9,2026-01-29,Metal,Aluminum Cans,Leftover Aluminum Cans available at Colombo factory.,Colombo Industrial Zone,1219.67,kg,0.99,363.64,443520.8,Sold
1a057e86-3945-40ec-b29e-5a9132066b76,2026-01-29,Textile Offcuts,Mixed,Loose Mixed available at Biyagama factory.,Biyagama Export Processing Zone,283.5,kg,0.9,44.2,12530.7,Available
de22b2d2-3dd2-4b42-848c-025ba10c12c3,2026-01-29,Metal,Aluminum Cans,Sorted Aluminum Cans available at Paliyagoda factory.,Paliyagoda,1891.8,kg,1.13,340.37,643911.97,Available
b8cbc055-5d0a-478a-83b5-a1f4a1492477,2026-01-29,Metal,Aluminum Cans,Clean Aluminum Cans available at Koggala factory.,Koggala Export Processing Zone,513.71,kg,1.01,352.29,180974.9,Available
ecdef31a-32ab-4d79-977e-f562d6e86269,2026-01-29,Paper,Cardboard,Mixed Cardboard available at Colombo factory.,Colombo Industrial Zone,1289.36,kg,1.15,45.08,58124.35,Available
bc649e0e-4e79-438e-868a-8cd910784f25,2026-01-29,Plastic,PET Bottles,Mixed PET Bottles available at Seethawaka factory.,Seethawaka Export Processing Zone,600.38,kg,0.82,67.04,40249.48,Available
fa0a23eb-40d3-47f7-a8ef-fadc4d67262c,2026-01-29,Organic,Food Waste,Loose Food Waste available at Katunayake factory.,Katunayake Export Processing Zone,232.72,kg,1.19,9.67,2250.4,Available
31390b9d-ee7f-4aea-b38d-822177d13f17,2026-01-29,Plastic,HDPE Containers,Leftover HDPE Containers available at Colombo factory.,Colombo Industrial Zone,658.62,kg,1.14,149.34,98358.31,Available
d58890a0-7eaf-4eba-8bd3-af1914153225,2026-01-29,Plastic,HDPE Containers,Leftover HDPE Containers available at Biyagama factory.,Biyagama Export Processing Zone,141.95,kg,1.06,117.94,16741.58,Available
c52b01fe-4e9e-491d-a56a-e1c726548b50,2026-01-29,Plastic,HDPE Containers,Baled HDPE Containers available at Seethawaka factory.,Seethawaka Export Processing Zone,1685.66,kg,0.94,116.37,196160.25,Available
cb5d52e1-3227-41cc-8891-2c3d0aaec020,2026-01-29,Plastic,PET Bottles,Sorted PET Bottles available at Ekala factory.,Ekala Industrial Estate,1885.83,kg,0.89,85.96,162105.95,Available
f1962c2d-b9e2-433c-b383-3d126b588e81,2026-01-29,Chemical,Empty Drums (Plastic),Sorted Empty Drums (Plastic) available at Koggala factory.,Koggala Export Processing Zone,304.89,units,0.95,597.58,182196.17,Available
ab5c4e96-5fcd-4076-a45a-86ad1b10604f,2026-01-29,Plastic,HDPE Containers,Sorted HDPE Containers available at Paliyagoda factory.,Paliyagoda,868.15,kg,1.12,118.94,103257.76,Sold
3eb5277f-ce1b-4c83-a00a-59779918f4bc,2026-01-29,Plastic,PET Bottles,Baled PET Bottles available at Biyagama factory.,Biyagama Export Processing Zone,1992.97,kg,1.16,145.4,289777.84,Available
a519ca62-ff4c-4d02-a967-c93a457aefef,2026-01-29,Textile Offcuts,Cotton,Mixed Cotton available at Seethawaka factory.,Seethawaka Export Processing Zone,353.93,kg,0.96,111.98,39633.08,Available
7b2a9713-e68b-4007-b49d-7ccad0878398,2026-01-29,Chemical,Empty Drums (Plastic),Sorted Empty Drums (Plastic) available at Biyagama factory.,Biyagama Export Processing Zone,1730.58,units,1.16,765.55,1324845.52,Available
ee2adf78-78c1-435c-b611-60180f9b20fa,2026-01-29,Plastic,HDPE Containers,Dirty HDPE Containers available at Colombo factory.,Colombo Industrial Zone,1507.09,kg,1.09,142.55,214835.68,Available
a49417e7-1059-45e5-b963-f2f60add0ca3,2026-01-29,Textile Offcuts,Cotton,Dirty Cotton available at Katunayake factory.,Katunayake Export Processing Zone,558.59,kg,1.08,107.07,59808.23,Available
2529c689-69a6-443f-8cc3-a13b06fd715c,2026-01-29,Plastic,LDPE Wrap,Baled LDPE Wrap available at Katunayake factory.,Katunayake Export Processing Zone,1312.44,kg,0.95,83.58,109693.74,Available
1daa18ef-1bae-4d3c-8062-b8b9c2a9a4ca,2026-01-29,Textile Offcuts,Polyester,Leftover Polyester available at Ekala factory.,Ekala Industrial Estate,1636.91,kg,0.82,47.51,77769.59,Available
21249527-509b-4498-be4b-27dad2a7789a,2026-01-29,Paper,Mixed,Sorted Mixed available at Katunayake factory.,Katunayake Export Processing Zone,1712.67,kg,0.81,12.51,21425.5,Sold
9f528b05-6782-4d4f-a800-29d1689c57fd,2026-01-29,Plastic,HDPE Containers,Dirty HDPE Containers available at Katunayake factory.,Katunayake Export Processing Zone,941.06,kg,0.98,136.22,128191.19,Available
0ebd37d1-a075-4ac0-b311-4aaf170ff209,2026-01-29,Textile Offcuts,Cotton,Leftover Cotton available at Horana factory.,Horana Export Processing Zone,219.23,kg,0.93,74.47,16326.06,Available
795fa779-f98c-419d-8809-ea618ac13fa6,2026-01-29,Textile Offcuts,Mixed,Sorted Mixed available at Ekala factory.,Ekala Industrial Estate,1890.81,kg,1.09,61.35,116001.19,Available
c20818e2-2d98-4639-820e-6dd28b2967b5,2026-01-29,Chemical,Empty Drums (Plastic),Baled Empty Drums (Plastic) available at Horana factory.,Horana Export Processing Zone,843.96,units,1.09,843.89,712209.4,Available
87a10071-d8cd-472b-90dd-7efe2ac00dc3,2026-01-29,Metal,Steel Scraps,Clean Steel Scraps available at Paliyagoda factory.,Paliyagoda,1181.53,kg,0.98,183.39,216680.79,Available
8ecf27ac-b1fb-4664-800b-afd6e16900f2,2026-01-29,Textile Offcuts,Cotton,Loose Cotton available at Colombo factory.,Colombo Industrial Zone,1480.03,kg,1.16,142.8,211348.28,Available
c5c6d895-0215-40f5-957b-6859db67d593,2026-01-29,Paper,Cardboard,Baled Cardboard available at Paliyagoda factory.,Paliyagoda,552.9,kg,0.86,43.26,23918.45,Available
a87809d3-e45f-4585-87c3-d6f7681a309b,2026-01-29,Textile Offcuts,Mixed,Dirty Mixed available at Seethawaka factory.,Seethawaka Export Processing Zone,276.82,kg,0.89,30.33,8395.95,Available
c8d79002-bb44-4d5b-8977-dbcc148da208,2026-01-29,Chemical,Empty Drums (Plastic),Unsorted Empty Drums (Plastic) available at Seethawaka factory.,Seethawaka Export Processing Zone,1649.66,units,1.01,760.29,1254220.0,Available
12d85219-9bac-444b-9ed3-1eaf41669042,2026-01-29,Organic,Food Waste,Mixed Food Waste available at Biyagama factory.,Biyagama Export Processing Zone,265.39,kg,1.12,7.64,2027.58,Available
55bfd26b-bc78-4f3d-9a09-323c701fc772,2026-01-29,Chemical,Empty Drums (Plastic),Clean Empty Drums (Plastic) available at Seethawaka factory.,Seethawaka Export Processing Zone,262.75,units,0.81,496.23,130384.43,Sold
74b192d1-0648-46f6-b6d0-b1363218bd4e,2026-01-29,Metal,Aluminum Cans,Unsorted Aluminum Cans available at Koggala factory.,Koggala Export Processing Zone,189.83,kg,0.83,255.55,48511.06,Available
32d97501-606c-415e-a095-bbb33dc1118b,2026-01-29,Plastic,LDPE Wrap,Sorted LDPE Wrap available at Ekala factory.,Ekala Industrial Estate,845.9,kg,0.95,102.14,86400.23,Available
15706430-5581-4039-a286-aa41ae7b2c01,2026-01-29,Plastic,LDPE Wrap,Baled LDPE Wrap available at Seethawaka factory.,Seethawaka Export Processing Zone,1195.0,kg,1.18,131.26,156855.7,Available
f1ee3244-ed8d-4fad-b978-66f6e74217fb,2026-01-29,Plastic,PET Bottles,Loose PET Bottles available at Ekala factory.,Ekala Industrial Estate,1754.47,kg,1.05,111.93,196377.83,Available
aeeacd69-f669-4c98-9983-22409adf3ef3,2026-01-29,Textile Offcuts,Polyester,Sorted Polyester available at Horana factory.,Horana Export Processing Zone,336.56,kg,1.05,36.62,12324.83,Available
941ec9bb-cf63-4478-bc24-dc14edaf1fb0,2026-01-29,Metal,Steel Scraps,Sorted Steel Scraps available at Seethawaka factory.,Seethawaka Export Processing Zone,1800.6,kg,0.83,161.55,290886.93,Sold
de97a826-d5f1-4773-8074-3837815ed86a,2026-01-29,Plastic,PET Bottles,Sorted PET Bottles available at Koggala factory.,Koggala Export Processing Zone,503.82,kg,1.0,106.48,53646.75,Sold
5194a092-37a8-4fdf-80a2-776b3ef957d5,2026-01-29,Metal,Steel Scraps,Sorted Steel Scraps available at Koggala factory.,Koggala Export Processing Zone,1635.39,kg,0.92,189.95,310642.33,Sold
98dcef09-909d-42b1-a883-f9dc49ff2a15,2026-01-29,Organic,Food Waste,Mixed Food Waste available at Paliyagoda factory.,Paliyagoda,1972.39,kg,1.06,7.98,15739.67,Available
7edaf6da-5ef0-4e7c-873c-992f7583ab46,2026-01-29,Paper,Cardboard,Leftover Cardboard available at Ekala factory.,Ekala Industrial Estate,1690.45,kg,1.14,67.4,113936.33,Sold
311e02a2-a395-4115-bda9-eff57587c104,2026-01-29,Textile Offcuts,Cotton,Unsorted Cotton available at Seethawaka factory.,Seethawaka Export Processing Zone,1916.79,kg,1.12,100.94,193480.78,Available
d9390939-47c5-4e50-b6f8-8ab673c873cc,2026-01-29,Metal,Aluminum Cans,Loose Aluminum Cans available at Colombo factory.,Colombo Industrial Zone,664.91,kg,0.97,431.18,286695.89,Available
1d98f04a-ba20-4fa7-a0ee-5c3fce473912,2026-01-29,Paper,Mixed,Leftover Mixed available at Seethawaka factory.,Seethawaka Export Processing Zone,1205.73,kg,1.12,31.54,38028.72,Available
498b2efe-e2c4-4045-9651-1e3f57c37522,2026-01-29,Organic,Food Waste,Loose Food Waste available at Biyagama factory.,Biyagama Export Processing Zone,1276.8,kg,0.91,11.26,14376.77,Available
68c2858e-25ec-48bd-a7a6-34e600e2be7e,2026-01-29,Textile Offcuts,Cotton,Unsorted Cotton available at Paliyagoda factory.,Paliyagoda,1513.93,kg,1.13,98.84,149636.84,Available
7cc634f9-bf1d-42fc-beef-b37893c521c4,2026-01-29,Chemical,Empty Drums (Plastic),Mixed Empty Drums (Plastic) available at Biyagama factory.,Biyagama Export Processing Zone,1938.83,units,0.82,439.15,851437.19,Available
8d0e4a4f-568d-4c82-b418-626a725a0b60,2026-01-29,Metal,Aluminum Cans,Mixed Aluminum Cans available at Biyagama factory.,Biyagama Export Processing Zone,1745.39,kg,1.01,338.73,591215.95,Available
70fd5fcd-cb2f-442e-bd84-4d890456f561,2026-01-29,Plastic,PET Bottles,Sorted PET Bottles available at Katunayake factory.,Katunayake Export Processing Zone,1859.94,kg,0.92,111.49,207364.71,Available
3d11189a-6295-46ce-b657-87ef7a74869a,2026-01-29,Textile Offcuts,Polyester,Sorted Polyester available at Seethawaka factory.,Seethawaka Export Processing Zone,1876.76,kg,0.82,37.88,71091.67,Available
fd5f8d2a-4a56-45d0-a168-5c505ea5d5ec,2026-01-29,Paper,Cardboard,Sorted Cardboard available at Biyagama factory.,Biyagama Export Processing Zone,1339.44,kg,1.06,50.06,67052.37,Sold
d92c38eb-c017-43ff-a564-54103f375938,2026-01-29,Paper,Cardboard,Mixed Cardboard available at Katunayake factory.,Katunayake Export Processing Zone,1852.14,kg,1.07,40.9,75752.53,Available
edf3d3c9-ee67-4773-921e-719f8e1055ad,2026-01-29,Paper,Mixed,Baled Mixed available at Seethawaka factory.,Seethawaka Export Processing Zone,139.39,kg,1.15,31.56,4399.15,Available
85dcd6fa-f006-4be9-a2a6-e890a3c0646c,2026-01-29,Textile Offcuts,Mixed,Unsorted Mixed available at Colombo factory.,Colombo Industrial Zone,626.32,kg,1.07,21.49,13459.62,Sold
5607ebc6-57ae-4512-8890-30184b596dd8,2026-01-29,Metal,Aluminum Cans,Leftover Aluminum Cans available at Biyagama factory.,Biyagama Export Processing Zone,1466.68,kg,0.99,393.4,576991.91,Available
cffbb2cb-9e8e-4e4d-af36-7ea73b23a072,2026-01-29,Metal,Aluminum Cans,Dirty Aluminum Cans available at Paliyagoda factory.,Paliyagoda,1517.51,kg,1.05,386.83,587018.39,Available
080d66da-edd9-4cbe-a394-7021d46e252d,2026-01-29,Textile Offcuts,Mixed,Loose Mixed available at Biyagama factory.,Biyagama Export Processing Zone,1487.56,kg,0.99,30.6,45519.34,Sold
12710548-401c-4345-a3e8-ac89c0c534a5,2026-01-29,Paper,Cardboard,Leftover Cardboard available at Seethawaka factory.,Seethawaka Export Processing Zone,1749.02,kg,0.98,51.46,90004.57,Available
7d78d0b2-8b9d-4664-b9c6-c59d2cf641cc,2026-01-29,Textile Offcuts,Cotton,Dirty Cotton available at Biyagama factory.,Biyagama Export Processing Zone,54.38,kg,0.95,61.4,3338.93,Sold
b5632921-0ac1-4874-8807-d999f9a9e108,2026-01-29,Textile Offcuts,Polyester,Mixed Polyester available at Ekala factory.,Ekala Industrial Estate,435.11,kg,0.98,60.86,26480.79,Available
a656732a-3aab-4807-8cce-77d43fb6df26,2026-01-29,Textile Offcuts,Polyester,Unsorted Polyester available at Ekala factory.,Ekala Industrial Estate,417.13,kg,1.0,43.45,18124.3,Available
859c9f17-0a1a-4a01-b560-1143d3249486,2026-01-29,Paper,Cardboard,Clean Cardboard available at Paliyagoda factory.,Paliyagoda,921.9,kg,1.09,60.97,56208.24,Sold
06839d9a-679e-450c-86b0-45126aadbe83,2026-01-29,Metal,Aluminum Cans,Unsorted Aluminum Cans available at Biyagama factory.,Biyagama Export Processing Zone,1889.32,kg,1.18,501.23,946983.86,Sold
3c27fb95-c4c0-4e26-aacf-4ba22f030c9d,2026-01-29,Plastic,HDPE Containers,Leftover HDPE Containers available at Colombo factory.,Colombo Industrial Zone,1100.1,kg,0.88,118.44,130295.84,Available
c0ff4f70-0974-4568-b44e-1bf975eb4bbe,2026-01-29,Textile Offcuts,Polyester,Sorted Polyester available at Colombo factory.,Colombo Industrial Zone,1063.15,kg,1.02,84.93,90293.33,Sold
b88b9bb4-3a4f-4dfb-af2b-ec6b5fcc2530,2026-01-29,Textile Offcuts,Cotton,Mixed Cotton available at Katunayake factory.,Katunayake Export Processing Zone,110.46,kg,0.83,50.63,5592.59,Available
c3d2e8d8-3f7f-4afc-aa22-fdb2acb110fd,2026-01-29,Metal,Steel Scraps,Clean Steel Scraps available at Katunayake factory.,Katunayake Export Processing Zone,1787.66,kg,0.84,144.82,258888.92,Available
cb80e3be-1671-4f3e-b716-1890ea8a39f3,2026-01-29,Textile Offcuts,Cotton,Sorted Cotton available at Biyagama factory.,Biyagama Export Processing Zone,642.93,kg,0.98,144.52,92916.24,Available
35c5c528-5528-4cde-ac23-c69e25915ae3,2026-01-29,Plastic,LDPE Wrap,Dirty LDPE Wrap available at Biyagama factory.,Biyagama Export Processing Zone,1087.88,kg,0.89,73.63,80100.6,Available
b810c768-2ec5-4e11-9967-e065ab42d7e8,2026-01-29,Chemical,Empty Drums (Plastic),Clean Empty Drums (Plastic) available at Colombo factory.,Colombo Industrial Zone,976.61,units,0.97,552.95,540016.5,Available
cd6d566f-f5e1-44bd-8ea0-546fa9ce4547,2026-01-29,Plastic,PET Bottles,Sorted PET Bottles available at Paliyagoda factory.,Paliyagoda,775.45,kg,1.1,111.44,86416.15,Sold
c39d9e61-7c5d-4d7e-a9a2-64afae0566de,2026-01-29,Plastic,LDPE Wrap,Clean LDPE Wrap available at Paliyagoda factory.,Paliyagoda,1532.79,kg,1.05,108.6,166460.99,Available
b6fe5cf0-ee76-4267-9ab4-debe45dc488f,2026-01-29,Textile Offcuts,Polyester,Mixed Polyester available at Paliyagoda factory.,Paliyagoda,1700.16,kg,0.87,76.65,130317.26,Sold
fab5bb61-e626-4092-8b6d-746858bee278,2026-01-29,Textile Offcuts,Polyester,Unsorted Polyester available at Biyagama factory.,Biyagama Export Processing Zone,614.09,kg,1.05,50.72,31146.64,Available
3dab9baa-b30c-47e2-9c7e-6159e28d5e27,2026-01-29,Metal,Steel Scraps,Dirty Steel Scraps available at Paliyagoda factory.,Paliyagoda,142.51,kg,0.86,169.23,24116.97,Available
d392d43f-7cc1-4c5f-8ee5-c604f105da60,2026-01-29,Paper,Mixed,Mixed Mixed available at Horana factory.,Horana Export Processing Zone,1858.42,kg,0.99,24.05,44695.0,Available
04730ef8-87f0-430c-8dd9-fc937ede3922,2026-01-29,Chemical,Empty Drums (Plastic),Sorted Empty Drums (Plastic) available at Ekala factory.,Ekala Industrial Estate,253.28,units,0.97,576.6,146041.25,Sold
1b7e08c4-8f28-4d61-9a49-aa084e627bce,2026-01-29,Plastic,HDPE Containers,Baled HDPE Containers available at Katunayake factory.,Katunayake Export Processing Zone,1222.0,kg,0.82,74.07,90513.54,Available
44d622e9-2c1f-4871-bcda-73b07447da27,2026-01-29,Textile Offcuts,Polyester,Dirty Polyester available at Paliyagoda factory.,Paliyagoda,550.14,kg,0.89,38.47,21163.89,Available
bf707b25-3122-4150-85b7-eba2a4f50c42,2026-01-29,Metal,Steel Scraps,Dirty Steel Scraps available at Biyagama factory.,Biyagama Export Processing Zone,1425.42,kg,0.98,235.49,335672.16,Available
463a60fc-d767-4c7f-9bcf-aaece08d276c,2026-01-29,Plastic,PET Bottles,Clean PET Bottles available at Katunayake factory.,Katunayake Export Processing Zone,304.13,kg,1.14,110.48,33600.28,Available
dff174e3-4fe7-46d5-9e58-095becc3df83,2026-01-29,Metal,Steel Scraps,Clean Steel Scraps available at Biyagama factory.,Biyagama Export Processing Zone,240.42,kg,1.16,229.55,55188.41,Available
6d2f77ab-31a2-4401-b755-92f083ec2c75,2026-01-29,Textile Offcuts,Polyester,Sorted Polyester available at Horana factory.,Horana Export Processing Zone,854.7,kg,1.03,44.33,37888.85,Available
a60f60ff-f906-40fa-9c09-7d7732e72bfb,2026-01-29,Metal,Steel Scraps,Baled Steel Scraps available at Paliyagoda factory.,Paliyagoda,239.7,kg,0.89,199.54,47829.74,Available
1ccee560-82f6-4994-ac29-7bef8a5a380a,2026-01-29,Plastic,LDPE Wrap,Unsorted LDPE Wrap available at Horana factory.,Horana Export Processing Zone,668.3,kg,1.01,119.29,79721.51,Available
fdf6fd29-3bff-4936-9ef2-9857aae72258,2026-01-29,Plastic,PET Bottles,Baled PET Bottles available at Seethawaka factory.,Seethawaka Export Processing Zone,941.75,kg,0.88,104.71,98610.64,Sold
027fd0e4-b885-416d-901b-be6ac2c638a8,2026-01-29,Plastic,HDPE Containers,Clean HDPE Containers available at Colombo factory.,Colombo Industrial Zone,517.41,kg,1.12,153.2,79267.21,Available
fe350bd5-9607-4c49-8b3e-f101e02c8921,2026-01-29,Metal,Steel Scraps,Mixed Steel Scraps available at Katunayake factory.,Katunayake Export Processing Zone,330.5,kg,1.06,208.59,68938.99,Available
c1326e71-7732-4c53-8267-5dbd0950785f,2026-01-29,Plastic,HDPE Containers,Sorted HDPE Containers available at Katunayake factory.,Katunayake Export Processing Zone,927.13,kg,1.18,112.19,104014.71,Sold
7a5a1f15-8369-4069-aa65-88dad4157359,2026-01-29,Plastic,LDPE Wrap,Unsorted LDPE Wrap available at Colombo factory.,Colombo Industrial Zone,611.18,kg,0.86,89.85,54914.52,Available
4acccb00-69e2-481d-91a1-3713ae16ce33,2026-01-29,Metal,Steel Scraps,Loose Steel Scraps available at Horana factory.,Horana Export Processing Zone,1376.21,kg,0.87,213.55,293889.65,Sold
45b47b73-9944-48be-b5de-f401323f007e,2026-01-29,Metal,Aluminum Cans,Loose Aluminum Cans available at Ekala factory.,Ekala Industrial Estate,248.03,kg,0.95,407.07,100965.57,Available
d964dc32-8cef-4433-ab1e-a60ea095dd5f,2026-01-29,Organic,Food Waste,Sorted Food Waste available at Ekala factory.,Ekala Industrial Estate,1779.61,kg,0.8,11.56,20572.29,Available
821a9509-2c72-44c5-a6e5-9284ed3aac7e,2026-01-29,Metal,Aluminum Cans,Mixed Aluminum Cans available at Biyagama factory.,Biyagama Export Processing Zone,137.82,kg,1.01,375.43,51741.76,Available
836759dd-86ea-4f41-ac1e-54e00db763b1,2026-01-29,Plastic,LDPE Wrap,Loose LDPE Wrap available at Colombo factory.,Colombo Industrial Zone,167.28,kg,1.1,93.74,15680.83,Available
4d617b53-a102-44ae-a147-30aa079a3607,2026-01-29,Textile Offcuts,Mixed,Sorted Mixed available at Katunayake factory.,Katunayake Export Processing Zone,617.92,kg,1.14,59.95,37044.3,Available
3c1ce547-c83b-486f-8673-47328cb716b3,2026-01-29,Plastic,HDPE Containers,Sorted HDPE Containers available at Seethawaka factory.,Seethawaka Export Processing Zone,221.33,kg,0.93,115.1,25475.08,Available
26944b1a-56c6-4318-9e46-9e461e352dbe,2026-01-29,Metal,Steel Scraps,Loose Steel Scraps available at Horana factory.,Horana Export Processing Zone,255.65,kg,1.17,288.66,73795.93,Available
a76d330e-4658-4be0-89ef-5776bc67d24b,2026-01-29,Chemical,Empty Drums (Plastic),Dirty Empty Drums (Plastic) available at Seethawaka factory.,Seethawaka Export Processing Zone,133.14,units,0.84,613.85,81727.99,Available
e4da6988-ad87-422f-ac98-ece34769343a,2026-01-29,Textile Offcuts,Polyester,Clean Polyester available at Katunayake factory.,Katunayake Export Processing Zone,1281.36,kg,0.96,82.21,105340.61,Sold
388745fb-075a-4214-902f-cb0c004dc5be,2026-01-29,Chemical,Empty Drums (Plastic),Clean Empty Drums (Plastic) available at Katunayake factory.,Katunayake Export Processing Zone,1702.37,units,0.93,693.35,1180338.24,Sold
692cdba5-272d-4a84-b285-c9ada140c5be,2026-01-29,Organic,Food Waste,Sorted Food Waste available at Horana factory.,Horana Export Processing Zone,1508.87,kg,0.96,8.93,13474.21,Available
2e9fee81-87d1-4e20-bd20-8126ac847df7,2026-01-29,Plastic,HDPE Containers,Unsorted HDPE Containers available at Koggala factory.,Koggala Export Processing Zone,1015.91,kg,0.86,88.74,90151.85,Sold
3d6651f0-73fe-42d9-aa14-06dfcfed3807,2026-01-29,Metal,Aluminum Cans,Unsorted Aluminum Cans available at Katunayake factory.,Katunayake Export Processing Zone,1172.37,kg,1.11,454.23,532525.63,Available
c2a5d5c2-949b-40c9-b2c2-738dc4b8c88f,2026-01-29,Paper,Cardboard,Clean Cardboard available at Seethawaka factory.,Seethawaka Export Processing Zone,187.33,kg,1.13,38.23,7161.63,Available
16309dfd-0b7d-45ac-b0da-94469b545e3c,2026-01-29,Paper,Cardboard,Sorted Cardboard available at Biyagama factory.,Biyagama Export Processing Zone,535.87,kg,1.19,64.96,34810.12,Available
9717ce41-16d4-4656-8cba-7797b952a247,2026-01-29,Textile Offcuts,Polyester,Sorted Polyester available at Horana factory.,Horana Export Processing Zone,1564.14,kg,1.0,49.49,77409.29,Available
4043f48a-7143-4d23-8d54-badc1ada48dd,2026-01-29,Organic,Food Waste,Unsorted Food Waste available at Colombo factory.,Colombo Industrial Zone,1305.47,kg,1.08,8.91,11631.74,Available
4c9f9556-2e2a-43f5-be4e-5f17011355fe,2026-01-29,Organic,Food Waste,Mixed Food Waste available at Paliyagoda factory.,Paliyagoda,684.07,kg,0.88,5.95,4070.22,Available
ce70267a-1402-4d72-8c6b-8f1b9c936d19,2026-01-29,Organic,Food Waste,Leftover Food Waste available at Horana factory.,Horana Export Processing Zone,135.75,kg,1.17,11.78,1599.13,Sold
0ee5a431-520e-42e5-b8ec-d23bfb20293a,2026-01-29,Plastic,PET Bottles,Leftover PET Bottles available at Biyagama factory.,Biyagama Export Processing Zone,1145.81,kg,1.19,108.13,123896.44,Available
02867568-9cbe-45cb-8652-f90ee80fe306,2026-01-29,Organic,Food Waste,Sorted Food Waste available at Biyagama factory.,Biyagama Export Processing Zone,1004.42,kg,1.16,11.18,11229.42,Available
0b6ab2b6-b91c-4a94-83b5-52113c5c005f,2026-01-29,Metal,Aluminum Cans,Baled Aluminum Cans available at Biyagama factory.,Biyagama Export Processing Zone,270.78,kg,1.13,433.29,117326.27,Sold
2ebd7336-03fe-48f6-8769-1d576eb3555d,2026-01-29,Plastic,LDPE Wrap,Baled LDPE Wrap available at Biyagama factory.,Biyagama Export Processing Zone,64.88,kg,1.16,109.36,7095.28,Sold
87d24e07-b230-4b4c-aea2-aefa587be8cb,2026-01-29,Metal,Steel Scraps,Mixed Steel Scraps available at Koggala factory.,Koggala Export Processing Zone,1967.69,kg,1.11,264.79,521024.64,Available
3542c7f7-0dd8-4f0d-a760-68b88ca2acaf,2026-01-29,Paper,Mixed,Mixed Mixed available at Katunayake factory.,Katunayake Export Processing Zone,1610.33,kg,1.01,38.28,61643.43,Available
7644f0a1-c9f2-4149-bab1-7318e6c5c584,2026-01-29,Paper,Cardboard,Clean Cardboard available at Katunayake factory.,Katunayake Export Processing Zone,1476.58,kg,0.95,53.39,78834.61,Sold
6f318f22-11c5-481a-a907-273814ec4e85,2026-01-29,Textile Offcuts,Polyester,Baled Polyester available at Ekala factory.,Ekala Industrial Estate,1636.84,kg,1.03,91.19,149263.44,Sold
05f6fcf9-bdbe-4bf8-a53e-9032a7b87447,2026-01-29,Textile Offcuts,Polyester,Mixed Polyester available at Paliyagoda factory.,Paliyagoda,778.69,kg,0.9,42.13,32806.21,Available
cddfd484-90bf-4c80-87ac-43714977f75e,2026-01-29,Paper,Mixed,Loose Mixed available at Biyagama factory.,Biyagama Export Processing Zone,508.3,kg,0.88,31.37,15945.37,Available
90d5438b-a917-4944-a175-0944c1b09dd7,2026-01-29,Organic,Food Waste,Clean Food Waste available at Horana factory.,Horana Export Processing Zone,57.49,kg,1.14,8.87,509.94,Available
383c6ef6-a556-4241-adbd-b2368390ab54,2026-01-29,Textile Offcuts,Cotton,Clean Cotton available at Horana factory.,Horana Export Processing Zone,1412.08,kg,0.95,112.42,158746.03,Sold
e09311a8-5d2f-4ed3-9741-919b479a0d13,2026-01-29,Plastic,PET Bottles,Dirty PET Bottles available at Seethawaka factory.,Seethawaka Export Processing Zone,688.58,kg,1.18,128.02,88152.01,Available
4a4e43da-7a98-4e8c-bcf8-b86197551e1a,2026-01-29,Plastic,PET Bottles,Leftover PET Bottles available at Horana factory.,Horana Export Processing Zone,1422.85,kg,1.02,108.26,154037.74,Available
13d058b2-ce58-41c5-90a5-40f25c3fe0cb,2026-01-29,Textile Offcuts,Cotton,Dirty Cotton available at Horana factory.,Horana Export Processing Zone,395.15,kg,1.12,115.41,45604.26,Available
fc58d32d-3d26-4cae-aa97-d20a19698328,2026-01-29,Organic,Food Waste,Baled Food Waste available at Ekala factory.,Ekala Industrial Estate,1502.65,kg,1.02,15.16,22780.17,Available
e7d7d199-8276-4bb7-aab3-194c13099517,2026-01-29,Chemical,Empty Drums (Plastic),Dirty Empty Drums (Plastic) available at Katunayake factory.,Katunayake Export Processing Zone,1549.81,units,0.99,746.26,1156561.21,Available
1e51da01-24cb-41c8-b1f2-8fa0fde4e7d2,2026-01-29,Metal,Aluminum Cans,Unsorted Aluminum Cans available at Biyagama factory.,Biyagama Export Processing Zone,808.88,kg,1.02,458.35,370750.15,Available
6c226fb2-b638-40b1-9b27-f569ccfd9d60,2026-01-29,Textile Offcuts,Polyester,Unsorted Polyester available at Seethawaka factory.,Seethawaka Export Processing Zone,1197.62,kg,0.84,33.53,40156.2,Available
f7cf6972-560e-4852-937f-93bdee4c680f,2026-01-29,Organic,Food Waste,Loose Food Waste available at Biyagama factory.,Biyagama Export Processing Zone,291.17,kg,1.03,13.68,3983.21,Available
10ae4560-7793-4f34-8ce1-4808d2f7b27e,2026-01-29,Metal,Aluminum Cans,Loose Aluminum Cans available at Horana factory.,Horana Export Processing Zone,393.26,kg,1.07,407.86,160395.02,Available
e296b086-8b98-4286-b404-b558e9e50307,2026-01-29,Paper,Mixed,Loose Mixed available at Horana factory.,Horana Export Processing Zone,1234.64,kg,0.81,22.66,27976.94,Available
9496c44b-baf1-4b63-a508-3efcf23bd3e1,2026-01-29,Plastic,LDPE Wrap,Sorted LDPE Wrap available at Horana factory.,Horana Export Processing Zone,1507.04,kg,0.89,69.79,105176.32,Available
9afc4a91-69e3-45ad-9963-3eaf026f2d64,2026-01-29,Plastic,LDPE Wrap,Clean LDPE Wrap available at Koggala factory.,Koggala Export Processing Zone,1663.87,kg,0.85,71.9,119632.25,Available
c4f3308f-a572-419e-9c47-7da1ca9d2e9f,2026-01-29,Textile Offcuts,Polyester,Baled Polyester available at Colombo factory.,Colombo Industrial Zone,844.07,kg,0.99,61.13,51598.0,Available
13bd2d7d-9a54-4bdd-8b64-1b8b7ce31d67,2026-01-29,Textile Offcuts,Cotton,Clean Cotton available at Paliyagoda factory.,Paliyagoda,153.19,kg,0.87,81.59,12498.77,Available
4be087e8-8776-4a13-bac2-346dbc6f2b14,2026-01-29,Paper,Cardboard,Leftover Cardboard available at Koggala factory.,Koggala Export Processing Zone,1383.44,kg,1.04,52.97,73280.82,Sold
72f8720e-b7ec-41ba-96cc-4f585cdc6ccb,2026-01-29,Plastic,LDPE Wrap,Unsorted LDPE Wrap available at Katunayake factory.,Katunayake Export Processing Zone,100.78,kg,1.01,113.16,11404.26,Available
1948a022-6d38-4f02-9f52-bab844262f13,2026-01-29,Chemical,Empty Drums (Plastic),Dirty Empty Drums (Plastic) available at Koggala factory.,Koggala Export Processing Zone,590.16,units,1.18,733.53,432900.06,Available
973662e5-141a-4608-80fe-c6389ac451ad,2026-01-29,Textile Offcuts,Cotton,Dirty Cotton available at Koggala factory.,Koggala Export Processing Zone,157.05,kg,0.92,87.73,13778.0,Available
1e0f670e-eb1f-44bf-80f8-6c3a0f804c09,2026-01-29,Paper,Cardboard,Baled Cardboard available at Ekala factory.,Ekala Industrial Estate,1411.84,kg,0.88,31.35,44261.18,Available
aa2e1c61-5a70-427d-825f-c676bb640616,2026-01-29,Plastic,LDPE Wrap,Leftover LDPE Wrap available at Paliyagoda factory.,Paliyagoda,328.09,kg,1.08,120.56,39554.53,Available
5a871ed2-b92a-4c9a-bbcd-b20f98c4cf24,2026-01-29,Organic,Food Waste,Clean Food Waste available at Katunayake factory.,Katunayake Export Processing Zone,1032.29,kg,0.9,9.22,9517.71,Available
902b6f72-bd29-4e24-a4f9-cdcfdb89f725,2026-01-29,Paper,Mixed,Unsorted Mixed available at Koggala factory.,Koggala Export Processing Zone,1878.87,kg,1.08,26.99,50710.7,Available
b2c168a1-0cc1-4502-a009-6248f3363404,2026-01-29,Textile Offcuts,Mixed,Sorted Mixed available at Colombo factory.,Colombo Industrial Zone,132.13,kg,1.17,60.82,8036.15,Available
8c7b4a1a-7ef0-405d-9cbf-bea49ed57bb3,2026-01-29,Metal,Steel Scraps,Sorted Steel Scraps available at Katunayake factory.,Katunayake Export Processing Zone,208.28,kg,1.06,234.01,48739.6,Sold
26e701d5-455c-455d-ade2-84972485bf68,2026-01-29,Textile Offcuts,Mixed,Loose Mixed available at Colombo factory.,Colombo Industrial Zone,1135.53,kg,0.8,42.32,48055.63,Available
63304e1a-fb8d-4993-9adc-4adba31a6a8c,2026-01-29,Plastic,HDPE Containers,Leftover HDPE Containers available at Colombo factory.,Colombo Industrial Zone,1608.11,kg,1.06,109.88,176699.13,Available
19604df5-f09f-40e1-87f4-13a8fdae2e7e,2026-01-29,Textile Offcuts,Polyester,Leftover Polyester available at Koggala factory.,Koggala Export Processing Zone,1942.72,kg,0.94,84.26,163693.59,Available
efa409bd-6aaf-4874-b529-2ecd105a8bcb,2026-01-29,Metal,Aluminum Cans,Loose Aluminum Cans available at Colombo factory.,Colombo Industrial Zone,1410.28,kg,0.82,251.16,354205.92,Available
24364e78-2e2c-4b4a-8dc4-3dff5c08ab5f,2026-01-29,Textile Offcuts,Mixed,Leftover Mixed available at Seethawaka factory.,Seethawaka Export Processing Zone,196.44,kg,1.18,39.19,7698.48,Available
ed0ae61e-a93e-4219-82aa-4c73f1e1830a,2026-01-29,Organic,Food Waste,Baled Food Waste available at Ekala factory.,Ekala Industrial Estate,1273.35,kg,1.19,14.17,18043.37,Available
01835f56-c0c8-42b8-9e3e-ca7d8cd74a5a,2026-01-29,Metal,Aluminum Cans,Baled Aluminum Cans available at Seethawaka factory.,Seethawaka Export Processing Zone,386.6,kg,0.91,317.05,122571.53,Sold
9545b7e0-ac28-4a8b-b5c8-b6fca1adb0b6,2026-01-29,Plastic,HDPE Containers,Mixed HDPE Containers available at Paliyagoda factory.,Paliyagoda,1134.46,kg,0.92,107.24,121659.49,Available
d23712a7-585e-4f59-9748-cc0537c28788,2026-01-29,Plastic,LDPE Wrap,Sorted LDPE Wrap available at Koggala factory.,Koggala Export Processing Zone,1422.9,kg,0.98,80.12,114002.75,Available
2cb5d227-d39d-4f59-a39d-acb80020bedc,2026-01-29,Textile Offcuts,Polyester,Sorted Polyester available at Horana factory.,Horana Export Processing Zone,483.96,kg,1.07,48.04,23249.44,Available
280eeffe-2e90-4f3a-b1e0-fb5370a5c3d8,2026-01-29,Plastic,HDPE Containers,Sorted HDPE Containers available at Koggala factory.,Koggala Export Processing Zone,1033.01,kg,0.95,120.17,124136.81,Available
4bf2e34e-4db7-4b51-b6ab-13b8b8c4f5be,2026-01-29,Paper,Mixed,Sorted Mixed available at Horana factory.,Horana Export Processing Zone,1012.38,kg,1.06,29.59,29956.32,Sold
26d3990b-e93d-4312-966c-62a648303f0b,2026-01-29,Textile Offcuts,Mixed,Dirty Mixed available at Horana factory.,Horana Export Processing Zone,1754.5,kg,1.01,59.18,103831.31,Sold
8ea0a25a-a974-477e-99c2-08136cfef853,2026-01-29,Paper,Mixed,Mixed Mixed available at Colombo factory.,Colombo Industrial Zone,1474.78,kg,1.03,17.42,25690.67,Available
06bc2ebb-20a1-4788-98cb-dc4ee2a88983,2026-01-29,Textile Offcuts,Polyester,Loose Polyester available at Katunayake factory.,Katunayake Export Processing Zone,442.9,kg,1.01,74.91,33177.64,Available
4b02ce6f-6d4b-4ff1-bfd6-56fef770d47a,2026-01-29,Paper,Cardboard,Leftover Cardboard available at Koggala factory.,Koggala Export Processing Zone,508.93,kg,1.01,34.84,17731.12,Available
adb7e30d-aff8-4c07-84c6-41e34d52be30,2026-01-29,Textile Offcuts,Polyester,Dirty Polyester available at Paliyagoda factory.,Paliyagoda,711.2,kg,1.01,71.21,50644.55,Available
b60b185e-ff75-4d9a-8fc2-a13c4b1a63a5,2026-01-29,Plastic,PET Bottles,Leftover PET Bottles available at Horana factory.,Horana Export Processing Zone,63.32,kg,0.95,109.98,6963.93,Available
08e517ef-630b-4031-9e9a-469a49bae774,2026-01-29,Textile Offcuts,Polyester,Leftover Polyester available at Seethawaka factory.,Seethawaka Export Processing Zone,1563.55,kg,0.89,30.64,47907.17,Available
588ec440-622e-436f-86ba-019ec9836e38,2026-01-29,Organic,Food Waste,Mixed Food Waste available at Colombo factory.,Colombo Industrial Zone,779.81,kg,0.88,4.46,3477.95,Available
2341ad4f-5712-46aa-b2ba-8a6de38d21d5,2026-01-29,Paper,Cardboard,Baled Cardboard available at Koggala factory.,Koggala Export Processing Zone,640.96,kg,1.05,43.0,27561.28,Sold
1e6cb4a5-9fc6-4977-8709-ce180d9448cf,2026-01-29,Paper,Mixed,Loose Mixed available at Paliyagoda factory.,Paliyagoda,1431.79,kg,0.81,19.76,28292.17,Available
0528d986-6f8d-4186-843c-5505103e7cca,2026-01-29,Textile Offcuts,Cotton,Mixed Cotton available at Ekala factory.,Ekala Industrial Estate,1210.43,kg,0.9,100.15,121224.56,Sold
c46b0de6-be91-4d85-9280-603d6d09308b,2026-01-29,Plastic,PET Bottles,Clean PET Bottles available at Ekala factory.,Ekala Industrial Estate,1741.12,kg,0.83,70.05,121965.46,Available
e2b2af1f-75c4-4909-92be-2321c7ed2158,2026-01-29,Plastic,LDPE Wrap,Leftover LDPE Wrap available at Horana factory.,Horana Export Processing Zone,445.3,kg,0.98,88.55,39431.32,Available
decaec9c-8241-4191-8326-c7847beaa4ae,2026-01-29,Textile Offcuts,Mixed,Sorted Mixed available at Seethawaka factory.,Seethawaka Export Processing Zone,789.75,kg,0.98,38.52,30421.17,Sold
d73e2020-6ba0-4e7e-a4e9-58322199d19d,2026-01-29,Textile Offcuts,Cotton,Clean Cotton available at Ekala factory.,Ekala Industrial Estate,624.03,kg,0.98,97.15,60624.51,Available
fc6539e8-0311-41a9-a00e-d79b17fd2ffa,2026-01-29,Plastic,HDPE Containers,Baled HDPE Containers available at Paliyagoda factory.,Paliyagoda,782.65,kg,0.85,77.72,60827.56,Available
208b58ae-fcdc-40f4-98a5-2845bdeb6784,2026-01-29,Metal,Aluminum Cans,Leftover Aluminum Cans available at Paliyagoda factory.,Paliyagoda,404.16,kg,0.84,324.82,131279.25,Available
d3d9c903-8d65-4b2a-8fea-1ecff979b75f,2026-01-29,Paper,Cardboard,Clean Cardboard available at Katunayake factory.,Katunayake Export Processing Zone,1074.28,kg,0.97,52.16,56034.44,Sold
0abce8e0-a6f6-46aa-9d7a-0e266866d7bc,2026-01-29,Plastic,LDPE Wrap,Clean LDPE Wrap available at Katunayake factory.,Katunayake Export Processing Zone,1096.66,kg,0.83,66.79,73245.92,Available
e0f1999a-a8e2-4bbf-86ff-5afcaeab9f7d,2026-01-29,Plastic,LDPE Wrap,Clean LDPE Wrap available at Colombo factory.,Colombo Industrial Zone,1141.63,kg,0.84,65.58,74868.1,Available
04117a54-e6dd-4613-849b-fa8e3781860e,2026-01-29,Plastic,HDPE Containers,Dirty HDPE Containers available at Biyagama factory.,Biyagama Export Processing Zone,657.67,kg,0.82,109.75,72179.28,Available
80d8208b-c03b-4249-9369-984cc3afacdd,2026-01-29,Textile Offcuts,Polyester,Dirty Polyester available at Katunayake factory.,Katunayake Export Processing Zone,1356.3,kg,0.96,68.47,92865.86,Sold
90649578-0d92-40ac-bcce-d89b60320a42,2026-01-29,Metal,Aluminum Cans,Unsorted Aluminum Cans available at Paliyagoda factory.,Paliyagoda,259.32,kg,1.19,405.59,105177.6,Available
eff61962-b2d5-4149-8c58-48a4171cd6b2,2026-01-29,Chemical,Empty Drums (Plastic),Dirty Empty Drums (Plastic) available at Biyagama factory.,Biyagama Export Processing Zone,1517.79,units,0.93,512.46,777806.66,Available
3668bdc5-b41f-45f8-af33-79c57b18b606,2026-01-29,Metal,Aluminum Cans,Baled Aluminum Cans available at Biyagama factory.,Biyagama Export Processing Zone,1667.05,kg,1.19,442.58,737802.99,Available
47403813-7260-46e9-ba50-d6b02d28a32f,2026-01-29,Paper,Cardboard,Clean Cardboard available at Horana factory.,Horana Export Processing Zone,1504.32,kg,1.0,46.43,69845.58,Available
55570af1-7126-401c-aabb-36bee56d8832,2026-01-29,Plastic,PET Bottles,Leftover PET Bottles available at Seethawaka factory.,Seethawaka Export Processing Zone,130.52,kg,0.95,83.53,10902.34,Available
2f33aaca-2b85-4878-8050-59bb35db7f3c,2026-01-29,Textile Offcuts,Cotton,Mixed Cotton available at Ekala factory.,Ekala Industrial Estate,895.52,kg,0.87,45.15,40432.73,Available
eb733230-6f55-4e08-aadc-3a059ef26672,2026-01-29,Paper,Mixed,Dirty Mixed available at Horana factory.,Horana Export Processing Zone,137.28,kg,1.03,23.08,3168.42,Available
356d7dbe-fda3-41cb-b15d-705cae228875,2026-01-29,Paper,Cardboard,Sorted Cardboard available at Seethawaka factory.,Seethawaka Export Processing Zone,1427.13,kg,1.2,43.93,62693.82,Available
81ddd26c-abbd-4873-a25a-91ca33e9bb46,2026-01-29,Plastic,HDPE Containers,Mixed HDPE Containers available at Paliyagoda factory.,Paliyagoda,385.92,kg,1.17,159.89,61704.75,Available
b7dd3ed1-22db-4489-acd6-b58e291971aa,2026-01-29,Metal,Aluminum Cans,Unsorted Aluminum Cans available at Colombo factory.,Colombo Industrial Zone,860.92,kg,1.04,371.61,319926.48,Available
274199e9-4c58-48dd-9106-9d240c0ff78e,2026-01-29,Metal,Aluminum Cans,Clean Aluminum Cans available at Koggala factory.,Koggala Export Processing Zone,627.64,kg,0.86,327.65,205646.25,Available
2c643789-ae5b-470b-9eb9-72cb26017f20,2026-01-29,Textile Offcuts,Polyester,Dirty Polyester available at Biyagama factory.,Biyagama Export Processing Zone,914.21,kg,0.96,57.39,52466.51,Available
54e8450b-2429-4d7e-9222-60c9f6e033fd,2026-01-29,Organic,Food Waste,Loose Food Waste available at Paliyagoda factory.,Paliyagoda,936.54,kg,1.17,12.33,11547.54,Sold
f0180b7d-8def-4f39-bce2-b556cddf6ec9,2026-01-29,Chemical,Empty Drums (Plastic),Mixed Empty Drums (Plastic) available at Koggala factory.,Koggala Export Processing Zone,508.38,units,1.11,772.52,392733.72,Sold
888e66b6-b93e-4bab-8ed8-675a0efbeca1,2026-01-29,Metal,Aluminum Cans,Baled Aluminum Cans available at Horana factory.,Horana Export Processing Zone,959.63,kg,0.95,415.63,398851.02,Sold
641acef7-08e8-464e-887e-1c946eb33c85,2026-01-29,Paper,Mixed,Leftover Mixed available at Seethawaka factory.,Seethawaka Export Processing Zone,123.35,kg,1.05,34.47,4251.87,Available
6ffff10c-f794-45e6-b565-dac9e2fefcef,2026-01-29,Paper,Mixed,Mixed Mixed available at Seethawaka factory.,Seethawaka Export Processing Zone,703.63,kg,1.09,36.3,25541.77,Available
2f2bdeb9-b26c-466e-95cb-fbfda91849b2,2026-01-29,Paper,Cardboard,Sorted Cardboard available at Seethawaka factory.,Seethawaka Export Processing Zone,875.09,kg,1.02,34.47,30164.35,Sold
e910f17c-ad94-49f3-a53a-bd53daa86fac,2026-01-29,Textile Offcuts,Mixed,Loose Mixed available at Biyagama factory.,Biyagama Export Processing Zone,215.22,kg,0.95,51.34,11049.39,Available
14f68075-db6f-4bf8-b309-c796e49be090,2026-01-29,Paper,Mixed,Mixed Mixed available at Horana factory.,Horana Export Processing Zone,253.58,kg,1.17,27.97,7092.63,Available
10d743cd-5b1c-4ece-906f-0692fe1ecd82,2026-01-29,Plastic,PET Bottles,Baled PET Bottles available at Koggala factory.,Koggala Export Processing Zone,815.27,kg,1.13,145.15,118336.44,Available
04de11cc-a134-410e-a201-ec9a642682ee,2026-01-29,Textile Offcuts,Polyester,Leftover Polyester available at Paliyagoda factory.,Paliyagoda,368.32,kg,1.01,72.69,26773.18,Available
25d99492-557c-48a3-8958-ba1e10e4b6c3,2026-01-29,Textile Offcuts,Mixed,Leftover Mixed available at Colombo factory.,Colombo Industrial Zone,761.88,kg,1.16,49.39,37629.25,Available
5e6c6d3c-3f06-487d-b1a9-4fe05cef3da9,2026-01-29,Textile Offcuts,Mixed,Baled Mixed available at Colombo factory.,Colombo Industrial Zone,1959.87,kg,1.1,47.6,93289.81,Available
f97f60df-94e4-41cb-b667-4f96444e2193,2026-01-29,Paper,Cardboard,Clean Cardboard available at Ekala factory.,Ekala Industrial Estate,1796.1,kg,0.81,44.59,80088.1,Available
ce5dc483-782c-410b-96b6-360584725540,2026-01-29,Textile Offcuts,Mixed,Leftover Mixed available at Horana factory.,Horana Export Processing Zone,1480.32,kg,1.04,49.41,73142.61,Available
98697145-2f9e-4838-abf5-1f3b8858f5e2,2026-01-29,Paper,Cardboard,Mixed Cardboard available at Paliyagoda factory.,Paliyagoda,154.13,kg,1.13,43.48,6701.57,Sold
2daffc83-cb62-4930-87b5-fd5fba539ded,2026-01-29,Plastic,LDPE Wrap,Dirty LDPE Wrap available at Ekala factory.,Ekala Industrial Estate,1966.45,kg,1.19,87.34,171749.74,Available
d766c977-4b1f-4a48-9670-4ad39bc786e8,2026-01-29,Metal,Steel Scraps,Leftover Steel Scraps available at Horana factory.,Horana Export Processing Zone,1044.64,kg,0.92,222.11,232024.99,Available
a548fbfb-1eec-4ced-a89b-e45ec2e5b7cc,2026-01-29,Plastic,PET Bottles,Dirty PET Bottles available at Katunayake factory.,Katunayake Export Processing Zone,1498.34,kg,0.94,82.44,123523.15,Available
ed3fde2d-7036-4d20-a30d-f82d6f087cd6,2026-01-29,Plastic,LDPE Wrap,Sorted LDPE Wrap available at Biyagama factory.,Biyagama Export Processing Zone,1731.5,kg,1.0,92.74,160579.31,Sold
3d94ca6a-c380-40dc-9d7c-324baba6c1f5,2026-01-29,Plastic,HDPE Containers,Loose HDPE Containers available at Biyagama factory.,Biyagama Export Processing Zone,1419.81,kg,0.89,85.89,121947.48,Available
29876a02-b3ef-4646-b306-a2fdde2b00a4,2026-01-29,Textile Offcuts,Polyester,Loose Polyester available at Colombo factory.,Colombo Industrial Zone,691.86,kg,0.81,69.13,47828.28,Sold
5b263956-1c98-49a0-a605-14020ef20580,2026-01-29,Textile Offcuts,Mixed,Dirty Mixed available at Horana factory.,Horana Export Processing Zone,1215.39,kg,0.85,19.66,23894.57,Available
35a358b3-21de-41fc-8e10-8620273656b5,2026-01-29,Metal,Steel Scraps,Loose Steel Scraps available at Katunayake factory.,Katunayake Export Processing Zone,939.49,kg,1.19,214.19,201229.36,Available
05ca60a1-4702-4ac2-9b8b-f25ec587efa6,2026-01-29,Textile Offcuts,Cotton,Clean Cotton available at Colombo factory.,Colombo Industrial Zone,811.64,kg,1.17,169.15,137288.91,Sold
b69d6dbf-6c92-440b-bd07-2e4cfdfb95e1,2026-01-29,Chemical,Empty Drums (Plastic),Dirty Empty Drums (Plastic) available at Seethawaka factory.,Seethawaka Export Processing Zone,1036.76,units,0.96,644.92,668627.26,Available
5381bf9a-a627-4471-a8e9-f97072fe372f,2026-01-29,Paper,Cardboard,Loose Cardboard available at Paliyagoda factory.,Paliyagoda,79.4,kg,0.95,52.88,4198.67,Available
99755186-2673-43c4-9425-a868ef7bf25f,2026-01-29,Plastic,PET Bottles,Clean PET Bottles available at Ekala factory.,Ekala Industrial Estate,615.43,kg,0.85,83.89,51628.42,Sold
41abb42b-a68c-47af-90f0-66740f6ff590,2026-01-29,Plastic,LDPE Wrap,Loose LDPE Wrap available at Colombo factory.,Colombo Industrial Zone,1428.47,kg,1.08,78.7,112420.59,Available
ac164819-657c-4398-a25b-24b3d94c8780,2026-01-29,Plastic,LDPE Wrap,Baled LDPE Wrap available at Katunayake factory.,Katunayake Export Processing Zone,475.25,kg,0.98,92.16,43799.04,Sold
5d528b41-5716-4ab8-8777-9010cf452109,2026-01-29,Chemical,Empty Drums (Plastic),Baled Empty Drums (Plastic) available at Colombo factory.,Colombo Industrial Zone,826.23,units,1.05,784.64,648293.11,Available
518f58b3-17b8-40c1-b434-0ed37f9b1a08,2026-01-29,Paper,Mixed,Mixed Mixed available at Biyagama factory.,Biyagama Export Processing Zone,1482.43,kg,0.81,25.1,37208.99,Sold
66a48aa3-849f-4a51-9a9e-84e0397d8774,2026-01-29,Textile Offcuts,Mixed,Sorted Mixed available at Katunayake factory.,Katunayake Export Processing Zone,1091.36,kg,0.96,53.98,58911.61,Available
c85315b3-db7c-406c-b4c9-dc666672d5e2,2026-01-29,Plastic,PET Bottles,Unsorted PET Bottles available at Biyagama factory.,Biyagama Export Processing Zone,1555.5,kg,0.93,85.53,133041.92,Sold
4d6f7472-6b47-4608-9587-6b48eeb5c74a,2026-01-29,Textile Offcuts,Polyester,Clean Polyester available at Koggala factory.,Koggala Export Processing Zone,1876.34,kg,1.08,64.94,121849.52,Sold
f1b07ca0-8d27-4494-ae84-d1f1ba827d19,2026-01-29,Metal,Steel Scraps,Baled Steel Scraps available at Horana factory.,Horana Export Processing Zone,469.52,kg,0.97,167.16,78484.96,Sold
5f244d12-be72-445e-9edf-431d89df92a3,2026-01-29,Plastic,HDPE Containers,Dirty HDPE Containers available at Colombo factory.,Colombo Industrial Zone,1733.74,kg,1.14,148.38,257252.34,Available
4a17fb80-a5fa-46e4-b100-ca629b280902,2026-01-29,Textile Offcuts,Mixed,Loose Mixed available at Koggala factory.,Koggala Export Processing Zone,579.1,kg,1.17,61.23,35458.29,Sold
4bf1150c-66b9-4aaa-8501-3deeb8be5b94,2026-01-29,Paper,Mixed,Clean Mixed available at Katunayake factory.,Katunayake Export Processing Zone,436.1,kg,0.9,23.61,10296.32,Available
cb9bbe59-e0b8-4529-82e0-19d9455c71af,2026-01-29,Metal,Steel Scraps,Clean Steel Scraps available at Koggala factory.,Koggala Export Processing Zone,188.38,kg,0.88,158.49,29856.35,Available
6c8c288a-0e27-4f78-b9d3-7782e18e9ee3,2026-01-29,Chemical,Empty Drums (Plastic),Unsorted Empty Drums (Plastic) available at Katunayake factory.,Katunayake Export Processing Zone,284.19,units,1.02,604.77,171869.59,Sold
b81877bb-4bec-45fa-807d-bea4be5417e0,2026-01-29,Textile Offcuts,Polyester,Leftover Polyester available at Paliyagoda factory.,Paliyagoda,984.3,kg,0.98,42.01,41350.44,Sold
74be7420-34d2-458c-b1e6-efec44be49dc,2026-01-29,Plastic,HDPE Containers,Baled HDPE Containers available at Katunayake factory.,Katunayake Export Processing Zone,1177.36,kg,1.05,131.35,154646.24,Available
e5a1d7cd-27f7-4622-a276-68bf74032b08,2026-01-29,Metal,Aluminum Cans,Loose Aluminum Cans available at Koggala factory.,Koggala Export Processing Zone,901.63,kg,1.06,440.72,397366.37,Available
d480fbda-1892-4f86-b7a0-8f2d82f7865e,2026-01-29,Metal,Aluminum Cans,Mixed Aluminum Cans available at Colombo factory.,Colombo Industrial Zone,997.69,kg,1.0,430.8,429804.85,Available
e54342b8-95a2-4767-a53e-a9bf74543a1e,2026-01-29,Paper,Mixed,Baled Mixed available at Koggala factory.,Koggala Export Processing Zone,1272.72,kg,1.15,38.03,48401.54,Available
341e032b-d0db-4ee9-8619-160fd25f5678,2026-01-29,Paper,Mixed,Loose Mixed available at Paliyagoda factory.,Paliyagoda,1759.96,kg,0.99,24.93,43875.8,Sold
37340b76-68dd-449f-aad8-b317147d5b87,2026-01-29,Plastic,HDPE Containers,Dirty HDPE Containers available at Biyagama factory.,Biyagama Export Processing Zone,1898.59,kg,1.1,108.63,206243.83,Available
eb86f118-b176-4cef-951c-7aa079fd9a4c,2026-01-29,Chemical,Empty Drums (Plastic),Dirty Empty Drums (Plastic) available at Katunayake factory.,Katunayake Export Processing Zone,1854.2,units,0.96,708.6,1313886.12,Available
4f033a99-8e9a-4583-999b-4ab4b29e94c1,2026-01-29,Paper,Cardboard,Sorted Cardboard available at Colombo factory.,Colombo Industrial Zone,250.64,kg,1.14,57.91,14514.56,Available
b3d2b9d9-82a1-441e-984d-72860db54552,2026-01-29,Textile Offcuts,Polyester,Dirty Polyester available at Katunayake factory.,Katunayake Export Processing Zone,1603.8,kg,1.05,91.61,146924.12,Available
c8dd2a22-9d60-43a9-a351-1700056d54e2,2026-01-29,Organic,Food Waste,Clean Food Waste available at Seethawaka factory.,Seethawaka Export Processing Zone,997.06,kg,0.83,11.12,11087.31,Available
1d59bc66-375e-4157-8bf8-05f995284421,2026-01-29,Metal,Steel Scraps,Clean Steel Scraps available at Paliyagoda factory.,Paliyagoda,497.54,kg,0.91,171.49,85323.13,Available
9c2b6dca-1dd7-412c-a128-6de0069a2b62,2026-01-29,Metal,Steel Scraps,Loose Steel Scraps available at Seethawaka factory.,Seethawaka Export Processing Zone,481.67,kg,1.16,186.27,89720.67,Sold
ddb6d5d3-54df-4463-96ed-d12a8b9dd82c,2026-01-29,Organic,Food Waste,Loose Food Waste available at Horana factory.,Horana Export Processing Zone,680.41,kg,0.88,9.7,6599.98,Available
9b80634a-b6f3-49eb-bd89-67ccd61674fd,2026-01-29,Chemical,Empty Drums (Plastic),Mixed Empty Drums (Plastic) available at Horana factory.,Horana Export Processing Zone,1782.75,units,0.86,463.39,826108.52,Sold
020fbc9e-ad5c-450b-a711-13a5926cd192,2026-01-29,Textile Offcuts,Mixed,Mixed Mixed available at Biyagama factory.,Biyagama Export Processing Zone,1156.41,kg,1.18,66.49,76889.7,Available
38c85488-b65b-4ebc-8cb5-a8d09bccb6f1,2026-01-29,Textile Offcuts,Polyester,Unsorted Polyester available at Horana factory.,Horana Export Processing Zone,1309.84,kg,0.94,57.9,75839.74,Available
9a76e9b0-143a-4583-9bd2-b978fe767bc5,2026-01-29,Textile Offcuts,Mixed,Mixed Mixed available at Colombo factory.,Colombo Industrial Zone,1318.93,kg,1.04,54.62,72039.96,Available
1e982767-a577-4408-a186-a510a9349246,2026-01-29,Metal,Steel Scraps,Baled Steel Scraps available at Koggala factory.,Koggala Export Processing Zone,1187.86,kg,0.81,167.33,198764.61,Sold
bf302c6d-1844-422c-8652-50aa0c7019a9,2026-01-29,Organic,Food Waste,Mixed Food Waste available at Ekala factory.,Ekala Industrial Estate,934.65,kg,1.14,9.94,9290.42,Available
295fb03f-8b28-4b87-8162-d630bef7ae73,2026-01-29,Metal,Steel Scraps,Loose Steel Scraps available at Katunayake factory.,Katunayake Export Processing Zone,714.39,kg,1.08,170.28,121646.33,Sold
076f8bb6-3315-413c-aa90-3509bf7e0b60,2026-01-29,Plastic,HDPE Containers,Dirty HDPE Containers available at Ekala factory.,Ekala Industrial Estate,54.39,kg,0.84,83.79,4557.34,Available
4be33b1b-e39c-434c-a0a4-c726a009fa81,2026-01-29,Textile Offcuts,Cotton,Mixed Cotton available at Paliyagoda factory.,Paliyagoda,1293.99,kg,1.03,85.89,111140.8,Available
561723fe-2124-4dd4-96d8-d4ac3595114a,2026-01-29,Organic,Food Waste,Clean Food Waste available at Biyagama factory.,Biyagama Export Processing Zone,1969.81,kg,1.0,13.96,27498.55,Available
859dc309-94fc-45b6-8f4f-a04e3df48865,2026-01-29,Metal,Steel Scraps,Baled Steel Scraps available at Katunayake factory.,Katunayake Export Processing Zone,976.29,kg,0.83,181.81,177499.28,Available
55afd313-b692-49b4-9a80-482c98d09d72,2026-01-29,Plastic,HDPE Containers,Leftover HDPE Containers available at Koggala factory.,Koggala Export Processing Zone,1936.72,kg,0.95,118.15,228823.47,Available
55836d1e-4bc5-4a78-b698-d246d8a01b26,2026-01-29,Textile Offcuts,Cotton,Clean Cotton available at Paliyagoda factory.,Paliyagoda,1649.77,kg,1.11,165.12,272410.02,Available
7687a6ae-86ed-44e2-8387-afc32c5ba87d,2026-01-29,Paper,Cardboard,Leftover Cardboard available at Koggala factory.,Koggala Export Processing Zone,697.11,kg,1.16,39.99,27877.43,Available
3ae7e624-a71d-4aa9-ad12-2ced6fac2360,2026-01-29,Paper,Mixed,Dirty Mixed available at Katunayake factory.,Katunayake Export Processing Zone,1861.17,kg,1.11,33.09,61586.12,Available
8b550ff9-7d91-4837-9d5c-9076de9ac321,2026-01-29,Organic,Food Waste,Leftover Food Waste available at Horana factory.,Horana Export Processing Zone,601.57,kg,1.11,15.08,9071.68,Available
b80e28f2-e660-4ee9-8ad5-65e8d9faa9f4,2026-01-29,Chemical,Empty Drums (Plastic),Baled Empty Drums (Plastic) available at Ekala factory.,Ekala Industrial Estate,818.66,units,0.95,738.39,604490.36,Available
b736b7fd-0cf4-4d24-a300-9f013823aa99,2026-01-29,Plastic,HDPE Containers,Sorted HDPE Containers available at Katunayake factory.,Katunayake Export Processing Zone,1283.22,kg,1.12,106.39,136521.78,Available
d7ba027b-a476-4e12-ae6d-a396265e33f9,2026-01-29,Textile Offcuts,Mixed,Mixed Mixed available at Seethawaka factory.,Seethawaka Export Processing Zone,1697.51,kg,0.83,17.38,29502.72,Sold
4ca15da5-c0e1-483d-be80-4bba7a69fb3c,2026-01-29,Metal,Aluminum Cans,Unsorted Aluminum Cans available at Paliyagoda factory.,Paliyagoda,1799.79,kg,0.93,411.25,740163.64,Sold
d91ce438-38e1-4e44-a59d-74082487fbea,2026-01-29,Organic,Food Waste,Dirty Food Waste available at Colombo factory.,Colombo Industrial Zone,1455.46,kg,1.12,14.68,21366.15,Sold
2f94c553-99d6-4b22-9242-3f772d796f96,2026-01-29,Textile Offcuts,Polyester,Mixed Polyester available at Horana factory.,Horana Export Processing Zone,1776.1,kg,1.09,40.52,71967.57,Available
72d894c3-e294-4b71-a07c-98e8f6384971,2026-01-29,Organic,Food Waste,Baled Food Waste available at Koggala factory.,Koggala Export Processing Zone,527.03,kg,0.82,6.39,3367.72,Available
2f7f14bf-65b4-4e7c-9393-f4e7da027b6e,2026-01-29,Plastic,LDPE Wrap,Leftover LDPE Wrap available at Ekala factory.,Ekala Industrial Estate,109.38,kg,0.86,100.76,11021.13,Sold
8ba970e2-b86a-45e1-93b4-cbdbcfe0dee2,2026-01-29,Metal,Steel Scraps,Dirty Steel Scraps available at Koggala factory.,Koggala Export Processing Zone,1102.73,kg,1.08,263.3,290348.81,Available
317dc733-fd7a-4707-9745-56e31e2c6773,2026-01-29,Chemical,Empty Drums (Plastic),Leftover Empty Drums (Plastic) available at Koggala factory.,Koggala Export Processing Zone,148.93,units,1.08,772.22,115006.72,Available
69c314d1-6f36-480e-8e32-e821f03866a9,2026-01-29,Paper,Cardboard,Mixed Cardboard available at Biyagama factory.,Biyagama Export Processing Zone,927.88,kg,0.86,32.42,30081.87,Available
010e0dc8-8895-4ae8-a765-ac62b5dd88bc,2026-01-29,Metal,Steel Scraps,Dirty Steel Scraps available at Colombo factory.,Colombo Industrial Zone,140.68,kg,0.96,238.38,33535.3,Sold
b21d27c4-22de-4446-8df3-4a06680f2dfd,2026-01-29,Paper,Cardboard,Leftover Cardboard available at Biyagama factory.,Biyagama Export Processing Zone,1754.08,kg,1.17,55.41,97193.57,Available
055e24b2-bd88-4559-b3fb-7ee1a3bce0c9,2026-01-29,Metal,Aluminum Cans,Dirty Aluminum Cans available at Colombo factory.,Colombo Industrial Zone,345.25,kg,1.05,393.8,135959.45,Available
face8973-224a-4d1e-b5e7-b153a323aca4,2026-01-29,Plastic,HDPE Containers,Mixed HDPE Containers available at Koggala factory.,Koggala Export Processing Zone,1144.9,kg,1.14,146.9,168185.81,Available
d6ea64c1-a607-4809-b348-b8dfea9d6e8c,2026-01-29,Metal,Aluminum Cans,Dirty Aluminum Cans available at Biyagama factory.,Biyagama Export Processing Zone,509.15,kg,1.19,376.69,191791.71,Sold
455b0a7c-e478-4c48-94b6-5c29ac552cb8,2026-01-29,Metal,Steel Scraps,Loose Steel Scraps available at Paliyagoda factory.,Paliyagoda,817.49,kg,1.0,164.74,134673.3,Available
27e541f8-2b29-4c5d-a0fa-99387ab8f4a8,2026-01-29,Organic,Food Waste,Dirty Food Waste available at Ekala factory.,Ekala Industrial Estate,500.74,kg,1.16,6.32,3164.68,Available
57d3b548-dee8-4b48-9e6b-04693d6a7032,2026-01-29,Textile Offcuts,Mixed,Sorted Mixed available at Biyagama factory.,Biyagama Export Processing Zone,495.52,kg,0.94,52.24,25885.96,Available
03158512-8378-42bd-b551-359e9ada2999,2026-01-29,Textile Offcuts,Mixed,Unsorted Mixed available at Colombo factory.,Colombo Industrial Zone,1394.67,kg,0.9,50.24,70068.22,Available
1de4d06d-11aa-424b-a005-e5c389e7c207,2026-01-29,Organic,Food Waste,Leftover Food Waste available at Katunayake factory.,Katunayake Export Processing Zone,958.88,kg,1.0,11.04,10586.04,Available
6fa30f79-e060-42f1-969c-79594c99e135,2026-01-29,Plastic,LDPE Wrap,Loose LDPE Wrap available at Biyagama factory.,Biyagama Export Processing Zone,1491.2,kg,0.98,113.26,168893.31,Available
e79f19a0-e68a-4cf8-bb1d-ce3d33667fa3,2026-01-29,Textile Offcuts,Polyester,Baled Polyester available at Koggala factory.,Koggala Export Processing Zone,159.59,kg,1.07,90.38,14423.74,Available
48886c12-018e-4db8-adbe-b3844accacc2,2026-01-29,Textile Offcuts,Polyester,Dirty Polyester available at Koggala factory.,Koggala Export Processing Zone,503.41,kg,1.17,83.76,42165.62,Available
5b2391f2-3489-4a77-852c-3e97983bd9fe,2026-01-29,Paper,Cardboard,Unsorted Cardboard available at Katunayake factory.,Katunayake Export Processing Zone,188.87,kg,1.0,40.41,7632.24,Available
31d892e1-58bc-4d23-8aa3-8e148bc1c86e,2026-01-29,Paper,Mixed,Unsorted Mixed available at Koggala factory.,Koggala Export Processing Zone,1510.88,kg,0.91,20.56,31063.69,Available
d3d9db91-6e17-48df-8b63-fce7a7caf3c2,2026-01-29,Paper,Mixed,Clean Mixed available at Seethawaka factory.,Seethawaka Export Processing Zone,720.3,kg,0.91,33.08,23827.52,Available
b878c214-0448-43b0-9d82-0e51f60119a9,2026-01-29,Textile Offcuts,Polyester,Leftover Polyester available at Katunayake factory.,Katunayake Export Processing Zone,1857.87,kg,1.0,35.08,65174.08,Sold
781a061d-6cc2-4967-bc08-74a81d78d5ef,2026-01-29,Textile Offcuts,Cotton,Unsorted Cotton available at Horana factory.,Horana Export Processing Zone,330.78,kg,1.1,66.23,21907.56,Available
d4c00413-7477-430b-a6b1-068dabe366d9,2026-01-29,Metal,Steel Scraps,Loose Steel Scraps available at Horana factory.,Horana Export Processing Zone,1711.4,kg,0.99,177.67,304064.44,Available
89ef4af5-4569-4574-98e0-bc94472ee76a,2026-01-29,Metal,Steel Scraps,Mixed Steel Scraps available at Koggala factory.,Koggala Export Processing Zone,113.57,kg,0.84,196.1,22271.08,Available
b99655a1-842f-422a-8211-338f617d92d8,2026-01-29,Paper,Mixed,Mixed Mixed available at Katunayake factory.,Katunayake Export Processing Zone,802.99,kg,1.1,28.35,22764.77,Available
188ed1f6-0501-4772-9892-6388497f8c30,2026-01-29,Organic,Food Waste,Leftover Food Waste available at Koggala factory.,Koggala Export Processing Zone,753.94,kg,1.12,16.55,12477.71,Available
e0d860c9-3534-4434-a710-16dad1424c67,2026-01-29,Textile Offcuts,Mixed,Leftover Mixed available at Koggala factory.,Koggala Export Processing Zone,430.16,kg,1.01,25.28,10874.44,Available
4eb40e1f-7bf3-42da-9fdc-70441d961fac,2026-01-29,Chemical,Empty Drums (Plastic),Clean Empty Drums (Plastic) available at Paliyagoda factory.,Paliyagoda,1647.76,units,0.98,569.71,938745.35,Available
227c3327-1540-4c6b-8ac8-614a271dea52,2026-01-29,Chemical,Empty Drums (Plastic),Loose Empty Drums (Plastic) available at Horana factory.,Horana Export Processing Zone,933.98,units,1.03,675.43,630838.11,Available
946e4826-bb1d-4150-ac9c-86f2bb5f0208,2026-01-29,Chemical,Empty Drums (Plastic),Dirty Empty Drums (Plastic) available at Seethawaka factory.,Seethawaka Export Processing Zone,1764.36,units,1.03,683.17,1205357.82,Available
e1bcbc06-d1c4-4ee5-9f7f-62ff1c898f86,2026-01-29,Metal,Aluminum Cans,Baled Aluminum Cans available at Seethawaka factory.,Seethawaka Export Processing Zone,804.01,kg,0.9,309.24,248632.05,Available
156a20ab-d92f-4903-99f0-15cca56bd1cf,2026-01-29,Metal,Steel Scraps,Clean Steel Scraps available at Seethawaka factory.,Seethawaka Export Processing Zone,1736.05,kg,1.2,216.77,376323.56,Sold
0a953e96-e2d0-41b4-9dcd-d950b936470b,2026-01-29,Plastic,PET Bottles,Loose PET Bottles available at Colombo factory.,Colombo Industrial Zone,539.86,kg,0.85,77.41,41790.56,Sold
4746ba91-2d9b-4026-8d6e-6dd663d202fe,2026-01-29,Plastic,LDPE Wrap,Dirty LDPE Wrap available at Horana factory.,Horana Export Processing Zone,1965.2,kg,0.89,64.88,127502.18,Available
3601ad66-84e5-4859-a13b-b3538ea41a50,2026-01-29,Textile Offcuts,Polyester,Sorted Polyester available at Koggala factory.,Koggala Export Processing Zone,1247.21,kg,1.06,69.9,87179.98,Available
80e70929-edd3-46f7-8c65-ef2155952c47,2026-01-29,Organic,Food Waste,Clean Food Waste available at Colombo factory.,Colombo Industrial Zone,127.39,kg,0.99,13.32,1696.83,Available
1976227f-5b80-49a2-a31e-69f1763ed8e5,2026-01-29,Textile Offcuts,Mixed,Sorted Mixed available at Ekala factory.,Ekala Industrial Estate,388.87,kg,0.88,21.03,8177.94,Available
913b06fd-f5b8-47a0-9da2-8a0b74fac1ed,2026-01-29,Chemical,Empty Drums (Plastic),Loose Empty Drums (Plastic) available at Paliyagoda factory.,Paliyagoda,517.48,units,1.17,691.35,357759.8,Available
0595f223-1e32-4c7f-a225-4c0f1ab0c2a3,2026-01-29,Plastic,LDPE Wrap,Leftover LDPE Wrap available at Paliyagoda factory.,Paliyagoda,413.51,kg,1.08,128.08,52962.36,Available
d325b140-5923-4e49-a17c-155d0c4e6ce2,2026-01-29,Paper,Mixed,Loose Mixed available at Paliyagoda factory.,Paliyagoda,1299.83,kg,0.86,16.23,21096.24,Available
c0852c44-47f1-4153-83e9-226a3839d1a1,2026-01-29,Textile Offcuts,Polyester,Baled Polyester available at Colombo factory.,Colombo Industrial Zone,1151.72,kg,0.83,68.54,78938.89,Available
d1437f99-0eb2-4362-9c0c-f0eff0b93ce0,2026-01-29,Organic,Food Waste,Leftover Food Waste available at Horana factory.,Horana Export Processing Zone,1336.18,kg,0.98,14.7,19641.85,Available
66961aae-8fc6-48c7-bb09-16b204f17e5e,2026-01-29,Chemical,Empty Drums (Plastic),Unsorted Empty Drums (Plastic) available at Ekala factory.,Ekala Industrial Estate,325.79,units,0.86,640.77,208756.46,Available
06120be0-7af2-4761-be1d-53b8fe1fcdd3,2026-01-29,Textile Offcuts,Polyester,Sorted Polyester available at Ekala factory.,Ekala Industrial Estate,278.16,kg,0.86,32.21,8959.53,Available
08bb2e19-fa75-4f25-8291-0ab487977d8f,2026-01-29,Paper,Mixed,Clean Mixed available at Koggala factory.,Koggala Export Processing Zone,1587.39,kg,0.82,31.84,50542.5,Available
cbd791cf-b9a9-439b-867f-888cbebf9f3b,2026-01-29,Textile Offcuts,Cotton,Baled Cotton available at Horana factory.,Horana Export Processing Zone,832.83,kg,1.18,152.23,126781.71,Sold
48996a9a-42de-47c2-90f2-d0aaf06402d7,2026-01-29,Plastic,PET Bottles,Unsorted PET Bottles available at Ekala factory.,Ekala Industrial Estate,850.75,kg,0.98,96.16,81808.12,Available
4a255dc1-7ccf-49a1-a030-cd44fa05f8d2,2026-01-29,Plastic,HDPE Containers,Dirty HDPE Containers available at Ekala factory.,Ekala Industrial Estate,1558.74,kg,0.91,99.58,155219.33,Available
838a504b-cf0e-4c84-b636-5dd9f30da68d,2026-01-29,Plastic,LDPE Wrap,Clean LDPE Wrap available at Colombo factory.,Colombo Industrial Zone,1647.29,kg,0.82,89.05,146691.17,Available
c49ab225-20fe-46ae-bff5-2f0a1de5ea11,2026-01-29,Plastic,HDPE Containers,Unsorted HDPE Containers available at Horana factory.,Horana Export Processing Zone,424.34,kg,0.98,99.73,42319.43,Available
3bff5f64-0b93-4653-ab94-e8ce0b8e183e,2026-01-29,Plastic,LDPE Wrap,Clean LDPE Wrap available at Katunayake factory.,Katunayake Export Processing Zone,1426.57,kg,0.91,70.45,100501.86,Sold
22ff056c-92b6-47b5-9d00-4f36e888e36f,2026-01-29,Textile Offcuts,Cotton,Mixed Cotton available at Horana factory.,Horana Export Processing Zone,366.27,kg,0.81,46.01,16852.08,Available
bda21100-1c9a-4fc3-92d5-f4a07f072753,2026-01-29,Textile Offcuts,Mixed,Clean Mixed available at Biyagama factory.,Biyagama Export Processing Zone,363.56,kg,0.96,34.44,12521.01,Sold
36dfa098-a1c6-4252-b90d-b2351f3d49c5,2026-01-29,Plastic,HDPE Containers,Mixed HDPE Containers available at Koggala factory.,Koggala Export Processing Zone,1611.72,kg,0.87,100.13,161381.52,Available
7722a5fc-9472-4c05-bb44-904530416896,2026-01-29,Plastic,LDPE Wrap,Clean LDPE Wrap available at Katunayake factory.,Katunayake Export Processing Zone,1983.51,kg,1.13,81.9,162449.47,Available
9b6c77fd-33bd-4f5b-887c-41e9bf056a06,2026-01-29,Organic,Food Waste,Sorted Food Waste available at Paliyagoda factory.,Paliyagoda,89.38,kg,1.18,8.88,793.69,Available
d29248fa-7459-4d82-9ea0-e65a5d0ec710,2026-01-29,Metal,Steel Scraps,Baled Steel Scraps available at Seethawaka factory.,Seethawaka Export Processing Zone,186.11,kg,1.09,233.29,43417.6,Available
5149b600-b7b0-40e3-a835-df497b9b59ff,2026-01-29,Textile Offcuts,Polyester,Clean Polyester available at Paliyagoda factory.,Paliyagoda,1178.22,kg,0.87,27.42,32306.79,Available
46a2c0bb-694a-4f5d-806f-d7cbeda3a7f3,2026-01-29,Textile Offcuts,Mixed,Mixed Mixed available at Ekala factory.,Ekala Industrial Estate,1955.65,kg,0.93,43.62,85305.45,Sold
9f76e953-0c4d-4452-aeb7-4b2ab2ce1ffa,2026-01-29,Paper,Mixed,Baled Mixed available at Katunayake factory.,Katunayake Export Processing Zone,159.86,kg,1.17,40.48,6471.13,Sold
ff8c5870-daf7-4c4a-9862-7222fbf08e89,2026-01-29,Organic,Food Waste,Mixed Food Waste available at Ekala factory.,Ekala Industrial Estate,1970.49,kg,0.92,11.35,22365.06,Sold
b398fd25-c289-4c03-bd57-1dd529031c8d,2026-01-29,Chemical,Empty Drums (Plastic),Unsorted Empty Drums (Plastic) available at Seethawaka factory.,Seethawaka Export Processing Zone,93.36,units,0.88,640.77,59822.29,Available
75290d21-a5ed-4e5b-9c63-a41173968d3b,2026-01-29,Textile Offcuts,Cotton,Sorted Cotton available at Biyagama factory.,Biyagama Export Processing Zone,1486.9,kg,1.1,122.45,182070.91,Available
d2aca00f-c126-425e-85bd-c1593c6a2927,2026-01-29,Metal,Steel Scraps,Leftover Steel Scraps available at Koggala factory.,Koggala Export Processing Zone,687.61,kg,0.88,161.54,111076.52,Available
046c4a19-e914-4d42-aa49-ab69f1e3a4b1,2026-01-29,Paper,Cardboard,Baled Cardboard available at Colombo factory.,Colombo Industrial Zone,996.4,kg,1.19,57.16,56954.22,Available
f5b697c5-c721-42ac-a2d4-5bd03b21d0c2,2026-01-29,Paper,Cardboard,Baled Cardboard available at Seethawaka factory.,Seethawaka Export Processing Zone,1174.52,kg,0.91,47.49,55777.95,Available
856e2a7a-2e1a-41aa-b64a-13d87159439c,2026-01-29,Plastic,HDPE Containers,Leftover HDPE Containers available at Colombo factory.,Colombo Industrial Zone,969.42,kg,0.95,129.57,125607.75,Available
7673e2cb-d2c2-4d5a-addb-c72143ec66b3,2026-01-29,Metal,Aluminum Cans,Loose Aluminum Cans available at Paliyagoda factory.,Paliyagoda,465.43,kg,1.05,366.22,170449.77,Sold
f8d768e0-a420-4826-bdac-98ea248ea5c0,2026-01-29,Metal,Aluminum Cans,Leftover Aluminum Cans available at Koggala factory.,Koggala Export Processing Zone,1400.63,kg,1.06,458.45,642118.82,Available
68ecd77a-d636-4b27-b92b-332d9b84d089,2026-01-29,Metal,Aluminum Cans,Loose Aluminum Cans available at Koggala factory.,Koggala Export Processing Zone,341.81,kg,1.11,435.85,148977.89,Available
64696c8e-e89b-4de8-9343-e98138148804,2026-01-29,Plastic,HDPE Containers,Dirty HDPE Containers available at Horana factory.,Horana Export Processing Zone,1515.18,kg,1.17,115.69,175291.17,Available
3e73ed34-3fda-440b-8034-6ec3dcf2c880,2026-01-29,Chemical,Empty Drums (Plastic),Loose Empty Drums (Plastic) available at Koggala factory.,Koggala Export Processing Zone,1061.79,units,0.98,572.66,608044.66,Available
8b252bea-171a-4e7f-aa4f-7b5cb51f75de,2026-01-29,Organic,Food Waste,Sorted Food Waste available at Katunayake factory.,Katunayake Export Processing Zone,983.4,kg,0.85,10.11,9942.17,Available
c384a928-8f19-454b-b008-639c7603d528,2026-01-29,Textile Offcuts,Mixed,Unsorted Mixed available at Ekala factory.,Ekala Industrial Estate,872.12,kg,0.98,35.18,30681.18,Available
3f285eed-bbbc-4638-9aff-65245b74fc91,2026-01-29,Plastic,HDPE Containers,Dirty HDPE Containers available at Biyagama factory.,Biyagama Export Processing Zone,1739.74,kg,1.05,116.56,202784.09,Available
d87e68b7-d02c-4654-9ceb-22ef7a891928,2026-01-29,Textile Offcuts,Polyester,Clean Polyester available at Seethawaka factory.,Seethawaka Export Processing Zone,85.04,kg,0.84,30.19,2567.36,Sold
3e30ff0e-6dc5-4be1-bfa8-168b25a91faf,2026-01-29,Textile Offcuts,Mixed,Dirty Mixed available at Colombo factory.,Colombo Industrial Zone,913.46,kg,0.87,49.48,45198.0,Sold
8a9ca59f-dfc3-4e7a-b118-bf362b74287c,2026-01-29,Plastic,LDPE Wrap,Unsorted LDPE Wrap available at Paliyagoda factory.,Paliyagoda,1720.84,kg,0.97,78.68,135395.69,Available
080074f0-b70f-403e-a653-0232304c6cc0,2026-01-29,Textile Offcuts,Mixed,Unsorted Mixed available at Colombo factory.,Colombo Industrial Zone,1004.69,kg,0.99,41.51,41704.68,Available
bebbae33-14f4-4b94-86fd-161dbd677fa9,2026-01-29,Plastic,PET Bottles,Unsorted PET Bottles available at Horana factory.,Horana Export Processing Zone,937.45,kg,1.13,108.27,101497.71,Sold
bce42584-fa17-4418-a2bb-437b99f4054c,2026-01-29,Paper,Cardboard,Baled Cardboard available at Seethawaka factory.,Seethawaka Export Processing Zone,642.11,kg,0.88,52.83,33922.67,Sold
e4687a81-d225-41f1-af46-05e78abafb46,2026-01-29,Chemical,Empty Drums (Plastic),Clean Empty Drums (Plastic) available at Horana factory.,Horana Export Processing Zone,1377.03,units,1.09,674.25,928462.48,Sold
f2124a2c-460b-46fb-afe4-c06f320b8be2,2026-01-29,Textile Offcuts,Polyester,Dirty Polyester available at Ekala factory.,Ekala Industrial Estate,999.33,kg,0.97,53.72,53684.01,Sold
44d28423-394a-49fc-b5c3-2cddadb5d789,2026-01-29,Textile Offcuts,Mixed,Mixed Mixed available at Colombo factory.,Colombo Industrial Zone,246.04,kg,0.96,35.78,8803.31,Sold
012fe5b6-9c96-4406-9562-9b2b05171e5c,2026-01-29,Metal,Aluminum Cans,Baled Aluminum Cans available at Biyagama factory.,Biyagama Export Processing Zone,547.09,kg,1.08,379.62,207686.31,Available
debc7f5b-9349-4bba-b04c-14223a4df923,2026-01-29,Organic,Food Waste,Sorted Food Waste available at Horana factory.,Horana Export Processing Zone,937.21,kg,0.87,7.96,7460.19,Available
7724dae0-6a32-43b5-8b09-a2db4e5dfb95,2026-01-29,Metal,Aluminum Cans,Sorted Aluminum Cans available at Seethawaka factory.,Seethawaka Export Processing Zone,1967.18,kg,0.94,382.28,752013.57,Available
c5e6e0b4-4397-46d2-8179-3329a66ba710,2026-01-29,Metal,Aluminum Cans,Baled Aluminum Cans available at Colombo factory.,Colombo Industrial Zone,1941.57,kg,0.92,365.83,710284.55,Available
e52d1a71-1f64-4f7d-8db8-382c30606dec,2026-01-29,Metal,Aluminum Cans,Clean Aluminum Cans available at Paliyagoda factory.,Paliyagoda,1460.44,kg,0.86,377.49,551301.5,Sold
d06c588d-20e4-49db-b8bd-a56bd63943bf,2026-01-29,Textile Offcuts,Cotton,Dirty Cotton available at Paliyagoda factory.,Paliyagoda,1556.13,kg,1.15,70.55,109784.97,Available
cd797605-aaea-4666-ae3d-24e4225209c5,2026-01-29,Textile Offcuts,Cotton,Dirty Cotton available at Biyagama factory.,Biyagama Export Processing Zone,78.34,kg,1.07,82.5,6463.05,Available
96e69de0-a068-4d82-871f-eea9acb8f69f,2026-01-29,Metal,Aluminum Cans,Loose Aluminum Cans available at Seethawaka factory.,Seethawaka Export Processing Zone,553.16,kg,1.19,529.58,292942.47,Sold
7af5cd7c-0341-47d8-839f-07f69c2fb7d9,2026-01-29,Metal,Steel Scraps,Dirty Steel Scraps available at Biyagama factory.,Biyagama Export Processing Zone,909.32,kg,0.99,229.77,208934.46,Available
a83be6a1-19e5-43a9-894d-2de3b83a5a08,2026-01-29,Paper,Cardboard,Baled Cardboard available at Biyagama factory.,Biyagama Export Processing Zone,836.54,kg,1.15,58.74,49138.36,Sold
3fffa6a4-022a-4093-9703-a3b82916b9ef,2026-01-29,Textile Offcuts,Polyester,Baled Polyester available at Horana factory.,Horana Export Processing Zone,1865.73,kg,0.88,29.12,54330.06,Available
91df0eef-d7a5-46b5-9067-b12101149e95,2026-01-29,Plastic,HDPE Containers,Clean HDPE Containers available at Seethawaka factory.,Seethawaka Export Processing Zone,1560.19,kg,1.12,143.21,223434.81,Sold
71704e53-f80b-4087-8769-96f55ff9cbfe,2026-01-29,Textile Offcuts,Mixed,Clean Mixed available at Horana factory.,Horana Export Processing Zone,1641.88,kg,0.9,32.87,53968.6,Available
096be229-98dd-4781-8d69-63e36fd8b59f,2026-01-29,Textile Offcuts,Cotton,Loose Cotton available at Biyagama factory.,Biyagama Export Processing Zone,1539.76,kg,0.82,47.71,73461.95,Available
8e9bee36-582e-45c9-b524-71bbd1e263e2,2026-01-29,Textile Offcuts,Mixed,Dirty Mixed available at Horana factory.,Horana Export Processing Zone,1586.08,kg,1.02,61.19,97052.24,Sold
22c42d8d-a6e0-46f1-b053-b2f20bc5007e,2026-01-29,Plastic,HDPE Containers,Leftover HDPE Containers available at Biyagama factory.,Biyagama Export Processing Zone,660.25,kg,1.14,114.5,75598.62,Available
3a320d80-addd-4853-b629-baa110778199,2026-01-29,Paper,Cardboard,Baled Cardboard available at Paliyagoda factory.,Paliyagoda,601.0,kg,1.11,35.75,21485.75,Available
90aaee1a-9cd0-4226-aafc-40df82380fcf,2026-01-29,Plastic,HDPE Containers,Loose HDPE Containers available at Colombo factory.,Colombo Industrial Zone,308.11,kg,0.83,113.92,35099.89,Available
eacf0367-93e9-4523-afbf-22cae08bc5ea,2026-01-29,Paper,Cardboard,Unsorted Cardboard available at Ekala factory.,Ekala Industrial Estate,990.21,kg,0.98,38.57,38192.4,Sold
73b0a7f9-6d7a-4dc5-a9d1-80b30530c2db,2026-01-29,Textile Offcuts,Mixed,Clean Mixed available at Koggala factory.,Koggala Export Processing Zone,145.7,kg,1.19,65.51,9544.81,Available
a3c311ab-6c53-4785-8b6b-9277b5fc36bd,2026-01-29,Paper,Cardboard,Sorted Cardboard available at Seethawaka factory.,Seethawaka Export Processing Zone,1595.29,kg,1.0,36.45,58148.32,Available
bb122bf0-e6bf-4ffc-a619-9151e6e93abf,2026-01-29,Metal,Aluminum Cans,Leftover Aluminum Cans available at Koggala factory.,Koggala Export Processing Zone,160.14,kg,1.09,472.38,75646.93,Available
7e107e83-4952-4837-b0bc-5824a7c5be20,2026-01-29,Textile Offcuts,Polyester,Sorted Polyester available at Katunayake factory.,Katunayake Export Processing Zone,750.41,kg,0.96,50.23,37693.09,Available
b7873eef-5fa7-45b8-9265-2312cc3edfb7,2026-01-29,Metal,Aluminum Cans,Loose Aluminum Cans available at Katunayake factory.,Katunayake Export Processing Zone,710.86,kg,0.8,323.89,230240.45,Available
788ba1e5-ed93-4dbc-8545-4ef0f422930d,2026-01-29,Textile Offcuts,Polyester,Baled Polyester available at Koggala factory.,Koggala Export Processing Zone,1703.42,kg,1.13,100.29,170835.99,Available
6a199181-8d2f-4482-be03-b6456213be77,2026-01-29,Plastic,LDPE Wrap,Loose LDPE Wrap available at Koggala factory.,Koggala Export Processing Zone,1852.2,kg,0.97,74.5,137988.9,Available
d351efde-92b4-4375-8780-5384787fc31f,2026-01-29,Textile Offcuts,Polyester,Sorted Polyester available at Koggala factory.,Koggala Export Processing Zone,653.42,kg,1.2,48.66,31795.42,Available
2f383888-5b73-44f5-ab95-57aed511b44f,2026-01-29,Textile Offcuts,Polyester,Sorted Polyester available at Biyagama factory.,Biyagama Export Processing Zone,211.93,kg,1.15,89.49,18965.62,Available
b24bfaf1-7d91-4a3e-a2b0-b5f678623ec5,2026-01-29,Organic,Food Waste,Sorted Food Waste available at Seethawaka factory.,Seethawaka Export Processing Zone,56.03,kg,0.99,8.89,498.11,Available
1f7b0919-0c11-48b9-beda-778bb8b4ab33,2026-01-29,Metal,Steel Scraps,Clean Steel Scraps available at Katunayake factory.,Katunayake Export Processing Zone,1183.75,kg,1.2,194.85,230653.69,Sold
8eff192e-1357-455e-a23c-6694a1a3fd43,2026-01-29,Paper,Mixed,Baled Mixed available at Colombo factory.,Colombo Industrial Zone,1685.03,kg,1.18,39.9,67232.7,Available
4e417ecd-28e0-405e-9346-2aebae5e8097,2026-01-29,Paper,Mixed,Leftover Mixed available at Horana factory.,Horana Export Processing Zone,1735.18,kg,1.18,37.49,65051.9,Available
f3a03d20-b2cf-4d68-aae3-aeb4cc16410f,2026-01-29,Metal,Steel Scraps,Dirty Steel Scraps available at Ekala factory.,Ekala Industrial Estate,1196.09,kg,1.05,218.88,261800.18,Available
aa333447-2feb-41a4-bc3e-37bf94b5bcee,2026-01-29,Metal,Steel Scraps,Unsorted Steel Scraps available at Ekala factory.,Ekala Industrial Estate,429.83,kg,0.94,224.79,96621.49,Available
26694d10-5f99-4353-8e0d-bc2ac692718e,2026-01-29,Plastic,HDPE Containers,Clean HDPE Containers available at Koggala factory.,Koggala Export Processing Zone,1523.27,kg,0.96,106.12,161649.41,Available
c86ce738-eee1-4c89-94b4-f67828130586,2026-01-29,Metal,Steel Scraps,Leftover Steel Scraps available at Paliyagoda factory.,Paliyagoda,1970.09,kg,0.96,201.18,396342.71,Sold
1b1ff103-b1d7-4c8c-9fad-5ff6fa6e4cf1,2026-01-29,Paper,Mixed,Leftover Mixed available at Koggala factory.,Koggala Export Processing Zone,1801.27,kg,0.91,35.17,63350.67,Available
7eb341be-c8af-4821-bf84-73ec40624b5b,2026-01-29,Plastic,LDPE Wrap,Mixed LDPE Wrap available at Koggala factory.,Koggala Export Processing Zone,1289.13,kg,0.92,69.36,89414.06,Available
c4c0ad65-1e8c-48d5-a974-58b126a47484,2026-01-29,Plastic,LDPE Wrap,Unsorted LDPE Wrap available at Horana factory.,Horana Export Processing Zone,1277.64,kg,0.93,80.18,102441.18,Available
90a50c1e-acac-48e5-8c86-b164818d3fc4,2026-01-29,Textile Offcuts,Mixed,Clean Mixed available at Seethawaka factory.,Seethawaka Export Processing Zone,613.1,kg,0.87,34.05,20876.06,Available
3ab379be-a162-49f4-ae46-53796c5ef3d6,2026-01-29,Chemical,Empty Drums (Plastic),Loose Empty Drums (Plastic) available at Biyagama factory.,Biyagama Export Processing Zone,1364.83,units,0.92,700.75,956404.62,Available
406085d9-3b3d-47cf-b91b-049a391f7865,2026-01-29,Textile Offcuts,Mixed,Unsorted Mixed available at Ekala factory.,Ekala Industrial Estate,1213.46,kg,0.89,20.92,25385.58,Available
56157622-f71d-4eac-a9a8-a84597f2d96e,2026-01-29,Organic,Food Waste,Sorted Food Waste available at Seethawaka factory.,Seethawaka Export Processing Zone,618.02,kg,1.12,7.18,4437.38,Available
9e6539db-31e7-4061-b7b6-cad182490ac9,2026-01-29,Metal,Aluminum Cans,Unsorted Aluminum Cans available at Horana factory.,Horana Export Processing Zone,266.07,kg,1.05,462.95,123177.11,Available
6bb2e4a1-f711-447d-bffa-5fbb14fa1e59,2026-01-29,Chemical,Empty Drums (Plastic),Loose Empty Drums (Plastic) available at Paliyagoda factory.,Paliyagoda,177.23,units,1.07,751.88,133255.69,Sold
5578191c-7134-4abe-a6ac-c3aa306075e9,2026-01-29,Metal,Steel Scraps,Dirty Steel Scraps available at Paliyagoda factory.,Paliyagoda,1575.41,kg,0.91,189.94,299233.38,Available
98e71db9-92e6-46c7-b8cd-21c706cf99e4,2026-01-29,Chemical,Empty Drums (Plastic),Mixed Empty Drums (Plastic) available at Colombo factory.,Colombo Industrial Zone,1759.61,units,1.09,589.43,1037166.92,Available
46a68765-b917-40b3-a9c7-88324548bcb2,2026-01-29,Textile Offcuts,Mixed,Loose Mixed available at Katunayake factory.,Katunayake Export Processing Zone,796.71,kg,1.16,39.67,31605.49,Available
a18343d2-3d68-4294-8643-4c9d8f43d054,2026-01-29,Chemical,Empty Drums (Plastic),Loose Empty Drums (Plastic) available at Colombo factory.,Colombo Industrial Zone,174.2,units,1.14,880.78,153431.88,Available
24bb3224-8af0-46b3-90e3-10260cb940f5,2026-01-29,Plastic,LDPE Wrap,Leftover LDPE Wrap available at Colombo factory.,Colombo Industrial Zone,997.44,kg,0.98,69.15,68972.98,Available
b832fc28-3309-41f0-ae49-d81453d1ac02,2026-01-29,Chemical,Empty Drums (Plastic),Sorted Empty Drums (Plastic) available at Horana factory.,Horana Export Processing Zone,1372.47,units,0.88,657.33,902165.71,Available
29fa4f98-9fed-4c79-bd6f-ac0023ad1d8a,2026-01-29,Plastic,HDPE Containers,Leftover HDPE Containers available at Ekala factory.,Ekala Industrial Estate,164.9,kg,1.18,154.74,25516.63,Available
3c746ace-858f-4e2a-8a74-fddf873f6fa5,2026-01-29,Plastic,LDPE Wrap,Dirty LDPE Wrap available at Horana factory.,Horana Export Processing Zone,1374.04,kg,1.2,122.03,167674.1,Available
1402108c-35c5-4ded-b100-d3e08757a135,2026-01-29,Chemical,Empty Drums (Plastic),Baled Empty Drums (Plastic) available at Katunayake factory.,Katunayake Export Processing Zone,1293.15,units,1.07,660.51,854138.51,Available
8c28e1bd-89fc-4dc9-918d-cbf7800b1fe7,2026-01-29,Textile Offcuts,Mixed,Baled Mixed available at Biyagama factory.,Biyagama Export Processing Zone,566.9,kg,1.13,39.89,22613.64,Sold
af52db7d-6e5f-412f-8bdb-e1e54bf89a82,2026-01-29,Metal,Aluminum Cans,Clean Aluminum Cans available at Ekala factory.,Ekala Industrial Estate,456.44,kg,1.06,426.12,194498.21,Sold
10facaca-072b-47c6-a9fc-99ce0ded7745,2026-01-29,Metal,Steel Scraps,Dirty Steel Scraps available at Paliyagoda factory.,Paliyagoda,1391.76,kg,1.03,175.24,243892.02,Available
f6df9b2c-a1c9-4efe-95ed-77072efaa708,2026-01-29,Textile Offcuts,Polyester,Clean Polyester available at Paliyagoda factory.,Paliyagoda,602.39,kg,0.98,56.3,33914.56,Sold
3f2fcffd-5270-45e4-ac3b-7bef2d87cd46,2026-01-29,Plastic,LDPE Wrap,Mixed LDPE Wrap available at Horana factory.,Horana Export Processing Zone,1020.34,kg,1.19,116.79,119165.51,Available
262a57f2-a280-4f10-8bbc-e0fcc2edf66d,2026-01-29,Metal,Aluminum Cans,Loose Aluminum Cans available at Biyagama factory.,Biyagama Export Processing Zone,289.07,kg,0.81,281.13,81266.25,Sold
184cd39f-5241-42e5-9f7c-d1627574dc1e,2026-01-29,Chemical,Empty Drums (Plastic),Baled Empty Drums (Plastic) available at Horana factory.,Horana Export Processing Zone,1995.73,units,1.06,639.39,1276049.8,Available
e61a430a-639c-4e4d-a9a0-d4970cf5c309,2026-01-29,Metal,Aluminum Cans,Baled Aluminum Cans available at Katunayake factory.,Katunayake Export Processing Zone,708.91,kg,0.87,364.12,258128.31,Available
ff0469d0-d18f-4fa8-88af-94e8eb500004,2026-01-29,Textile Offcuts,Polyester,Baled Polyester available at Katunayake factory.,Katunayake Export Processing Zone,799.56,kg,1.12,38.91,31110.88,Available
7a74bd02-1c0c-457f-9ad1-00d31242168a,2026-01-29,Plastic,LDPE Wrap,Unsorted LDPE Wrap available at Katunayake factory.,Katunayake Export Processing Zone,828.52,kg,1.12,134.87,111742.49,Available
46de2183-1cdb-47e7-8d92-306077591bf3,2026-01-29,Plastic,PET Bottles,Mixed PET Bottles available at Paliyagoda factory.,Paliyagoda,884.95,kg,1.16,108.47,95990.53,Available
3d401040-c8a8-4938-8416-b4dd6acb12f9,2026-01-29,Chemical,Empty Drums (Plastic),Mixed Empty Drums (Plastic) available at Paliyagoda factory.,Paliyagoda,1062.79,units,0.91,688.93,732187.91,Available
475b4a05-1e20-40b5-a34b-3372d004de90,2026-01-29,Chemical,Empty Drums (Plastic),Sorted Empty Drums (Plastic) available at Horana factory.,Horana Export Processing Zone,1552.87,units,1.12,877.65,1362876.36,Available
083d0405-f9e4-4253-a79a-0592d3fa7e67,2026-01-29,Paper,Cardboard,Sorted Cardboard available at Paliyagoda factory.,Paliyagoda,1810.13,kg,0.94,48.61,87990.42,Available
faa421ac-c082-4aa5-8a3b-b56664ba6a1f,2026-01-29,Textile Offcuts,Polyester,Baled Polyester available at Katunayake factory.,Katunayake Export Processing Zone,199.14,kg,1.12,87.72,17468.56,Available
76f4534b-3463-444d-ae21-4ae6d14e5a9b,2026-01-29,Paper,Mixed,Unsorted Mixed available at Biyagama factory.,Biyagama Export Processing Zone,1878.88,kg,1.2,39.64,74478.8,Sold
b1a9e430-6634-4101-a9eb-4c3a3dd63fe5,2026-01-29,Paper,Cardboard,Loose Cardboard available at Paliyagoda factory.,Paliyagoda,1295.43,kg,1.03,39.41,51052.9,Available
5eb0f9da-17a2-490a-9e2c-1059dd7ed31d,2026-01-29,Chemical,Empty Drums (Plastic),Unsorted Empty Drums (Plastic) available at Horana factory.,Horana Export Processing Zone,271.47,units,0.86,647.43,175757.82,Available
9cc8cd27-c2a5-465e-a2f0-4472ca426073,2026-01-29,Metal,Steel Scraps,Unsorted Steel Scraps available at Horana factory.,Horana Export Processing Zone,1847.1,kg,0.95,234.46,433071.07,Available
e992b048-5467-4a24-9447-e2b8fecaca15,2026-01-29,Textile Offcuts,Mixed,Loose Mixed available at Koggala factory.,Koggala Export Processing Zone,1504.31,kg,0.92,44.37,66746.23,Available
97cde13b-55be-46f8-a3f7-2d819a87f9bf,2026-01-29,Chemical,Empty Drums (Plastic),Leftover Empty Drums (Plastic) available at Ekala factory.,Ekala Industrial Estate,690.85,units,1.03,696.26,481011.22,Available
d17cfc6c-aecb-41fa-86e3-5a2148df1241,2026-01-29,Organic,Food Waste,Dirty Food Waste available at Horana factory.,Horana Export Processing Zone,1524.2,kg,0.81,8.42,12833.76,Available
e4d79bea-07c9-4341-ac9d-211bdeff9463,2026-01-29,Textile Offcuts,Mixed,Clean Mixed available at Paliyagoda factory.,Paliyagoda,1718.93,kg,0.88,41.91,72040.36,Available
03c9ec29-56fa-4d69-8937-4ec4c1ad118c,2026-01-29,Textile Offcuts,Cotton,Leftover Cotton available at Biyagama factory.,Biyagama Export Processing Zone,1510.87,kg,1.02,78.36,118391.77,Available
fcfb8c3a-9791-4bf6-ba26-ac625dfdc07f,2026-01-29,Chemical,Empty Drums (Plastic),Unsorted Empty Drums (Plastic) available at Biyagama factory.,Biyagama Export Processing Zone,690.8,units,0.98,708.34,489321.27,Available
52cd29bc-a487-4f6e-840b-33e2e3b193b3,2026-01-29,Textile Offcuts,Mixed,Dirty Mixed available at Ekala factory.,Ekala Industrial Estate,1111.98,kg,1.01,36.37,40442.71,Available
e57f0189-00af-4485-8ab1-b97c3ad2774f,2026-01-29,Textile Offcuts,Mixed,Sorted Mixed available at Paliyagoda factory.,Paliyagoda,225.9,kg,1.03,52.86,11941.07,Available
8d279f73-2ff9-4d9d-b736-1a8c00a55655,2026-01-29,Textile Offcuts,Cotton,Mixed Cotton available at Ekala factory.,Ekala Industrial Estate,278.14,kg,0.8,88.14,24515.26,Available
e3fb141c-e0e1-43c9-a858-75764873c39d,2026-01-29,Metal,Steel Scraps,Dirty Steel Scraps available at Paliyagoda factory.,Paliyagoda,1657.96,kg,1.12,247.51,410361.68,Available
afd68189-51a0-4e31-b8fd-794ebf07185b,2026-01-29,Chemical,Empty Drums (Plastic),Loose Empty Drums (Plastic) available at Koggala factory.,Koggala Export Processing Zone,1071.06,units,0.99,695.21,744611.62,Available
3a726363-bc8b-41a3-b58a-0816123a7a0e,2026-01-29,Textile Offcuts,Polyester,Unsorted Polyester available at Biyagama factory.,Biyagama Export Processing Zone,792.9,kg,0.86,67.8,53758.62,Available
f3fec51e-a7ef-4263-b08e-4a6733a4c658,2026-01-29,Paper,Mixed,Loose Mixed available at Paliyagoda factory.,Paliyagoda,1837.37,kg,1.12,24.76,45493.28,Available
4adbe96d-ad39-4865-8c61-f78923ac6243,2026-01-29,Metal,Aluminum Cans,Mixed Aluminum Cans available at Seethawaka factory.,Seethawaka Export Processing Zone,62.96,kg,0.97,427.48,26914.14,Available
35d03f18-80fa-4416-a5cc-6c40fd7e0de3,2026-01-29,Metal,Steel Scraps,Loose Steel Scraps available at Katunayake factory.,Katunayake Export Processing Zone,340.13,kg,1.13,228.68,77780.93,Available
ad91118f-a773-409b-9060-e83d4997fa63,2026-01-29,Metal,Steel Scraps,Baled Steel Scraps available at Seethawaka factory.,Seethawaka Export Processing Zone,1541.68,kg,0.94,232.68,358718.1,Available
ba736173-0d31-4503-a304-4c96ac297722,2026-01-29,Plastic,LDPE Wrap,Loose LDPE Wrap available at Seethawaka factory.,Seethawaka Export Processing Zone,511.52,kg,0.92,78.26,40031.56,Sold
edc10bbf-3065-4600-acbc-5348deecbf58,2026-01-29,Plastic,HDPE Containers,Unsorted HDPE Containers available at Biyagama factory.,Biyagama Export Processing Zone,340.18,kg,1.15,105.43,35865.18,Available
236b1d31-50bb-48f6-8aaf-1289fc71c65b,2026-01-29,Textile Offcuts,Cotton,Dirty Cotton available at Koggala factory.,Koggala Export Processing Zone,285.76,kg,1.04,154.94,44275.65,Available
f2bfd7ce-2fe8-451c-9450-8e77e0cce3c9,2026-01-29,Textile Offcuts,Cotton,Baled Cotton available at Paliyagoda factory.,Paliyagoda,255.47,kg,0.87,123.95,31665.51,Sold
9a8db961-8f0d-4a87-b2fa-b400d5b0ac30,2026-01-29,Paper,Cardboard,Loose Cardboard available at Ekala factory.,Ekala Industrial Estate,979.35,kg,0.86,29.99,29370.71,Available
370a29fc-83b0-4a02-a83d-68e18ce898cf,2026-01-29,Plastic,PET Bottles,Mixed PET Bottles available at Seethawaka factory.,Seethawaka Export Processing Zone,993.7,kg,0.81,90.72,90148.46,Available
512d2e56-73d5-4873-af2d-8ce1e3aa6075,2026-01-29,Metal,Aluminum Cans,Clean Aluminum Cans available at Koggala factory.,Koggala Export Processing Zone,529.37,kg,0.92,380.6,201478.22,Sold
ee815a90-54e8-4884-b19e-41577af522ac,2026-01-29,Textile Offcuts,Polyester,Unsorted Polyester available at Katunayake factory.,Katunayake Export Processing Zone,1811.54,kg,1.09,32.83,59472.86,Available
1041caad-0540-40b4-893c-ccf3551ceaec,2026-01-29,Metal,Steel Scraps,Unsorted Steel Scraps available at Katunayake factory.,Katunayake Export Processing Zone,1642.94,kg,1.08,181.4,298029.32,Available
6e3f425f-24f7-4e80-8cde-abb5f731ea6b,2026-01-29,Chemical,Empty Drums (Plastic),Dirty Empty Drums (Plastic) available at Biyagama factory.,Biyagama Export Processing Zone,1636.94,units,0.86,506.87,829715.78,Available
baf34b82-4cca-4c30-b8fc-bf810dae2ec5,2026-01-29,Plastic,LDPE Wrap,Clean LDPE Wrap available at Colombo factory.,Colombo Industrial Zone,1380.82,kg,0.83,92.97,128374.84,Available
d8003a48-2451-471b-859c-2feb28daa116,2026-01-29,Paper,Mixed,Leftover Mixed available at Horana factory.,Horana Export Processing Zone,352.14,kg,1.13,44.53,15680.79,Available
3b412eab-87a3-4233-9b3a-c20e3bb50a11,2026-01-29,Textile Offcuts,Cotton,Clean Cotton available at Koggala factory.,Koggala Export Processing Zone,984.32,kg,1.18,134.58,132469.79,Available
eae78c34-4ce8-4513-b8e5-2c5db8b0d02a,2026-01-29,Chemical,Empty Drums (Plastic),Clean Empty Drums (Plastic) available at Paliyagoda factory.,Paliyagoda,595.23,units,1.08,617.72,367685.48,Available
a1f387ab-afdc-4bac-abe4-33bcadc99a75,2026-01-29,Metal,Steel Scraps,Loose Steel Scraps available at Koggala factory.,Koggala Export Processing Zone,1493.8,kg,0.84,165.67,247477.85,Available
d0a034f9-e559-4d3b-8104-ab64cc93ae34,2026-01-29,Paper,Cardboard,Unsorted Cardboard available at Horana factory.,Horana Export Processing Zone,1766.6,kg,0.97,41.44,73207.9,Available
9a7eca1f-2944-4521-9c52-f48a953dcc2a,2026-01-29,Metal,Aluminum Cans,Loose Aluminum Cans available at Biyagama factory.,Biyagama Export Processing Zone,1998.65,kg,1.12,436.95,873310.12,Available
b9c49e17-4d89-42fa-9b05-5c98521c9a6a,2026-01-29,Metal,Steel Scraps,Leftover Steel Scraps available at Biyagama factory.,Biyagama Export Processing Zone,56.58,kg,0.99,168.9,9556.36,Available
81195cf8-d409-471b-baf2-ec7b9ac093a5,2026-01-29,Paper,Mixed,Mixed Mixed available at Seethawaka factory.,Seethawaka Export Processing Zone,378.2,kg,1.02,36.0,13615.2,Sold
375dcd69-ed73-4e1b-8f32-cb5b5ae2e090,2026-01-29,Organic,Food Waste,Leftover Food Waste available at Biyagama factory.,Biyagama Export Processing Zone,1945.87,kg,0.89,11.8,22961.27,Sold
4f18c634-907e-4ceb-b890-dab712ce428a,2026-01-29,Metal,Aluminum Cans,Dirty Aluminum Cans available at Koggala factory.,Koggala Export Processing Zone,103.2,kg,1.09,437.46,45145.87,Available
9cdcf649-1330-48b4-b5e8-5daa94bca694,2026-01-29,Plastic,LDPE Wrap,Clean LDPE Wrap available at Ekala factory.,Ekala Industrial Estate,1248.71,kg,1.0,71.4,89157.89,Available
e9dcbb00-49c0-4579-b577-d4ac5ca4abfe,2026-01-29,Chemical,Empty Drums (Plastic),Dirty Empty Drums (Plastic) available at Koggala factory.,Koggala Export Processing Zone,1086.02,units,1.02,698.66,758758.73,Available
d1643ff3-eb38-42ef-8f91-76bedb330931,2026-01-29,Textile Offcuts,Polyester,Unsorted Polyester available at Colombo factory.,Colombo Industrial Zone,1459.26,kg,1.06,32.83,47907.51,Available
770d0194-ff25-4d24-8105-1ce15eec72b3,2026-01-29,Plastic,LDPE Wrap,Sorted LDPE Wrap available at Colombo factory.,Colombo Industrial Zone,782.3,kg,1.08,108.41,84809.14,Available
f52d3004-3441-4aeb-ade7-c8cf66b8ccae,2026-01-29,Organic,Food Waste,Dirty Food Waste available at Ekala factory.,Ekala Industrial Estate,1050.18,kg,1.07,13.61,14292.95,Available
13d4240c-7c0f-47dd-853d-d5368d3f3c13,2026-01-29,Plastic,LDPE Wrap,Unsorted LDPE Wrap available at Ekala factory.,Ekala Industrial Estate,1225.72,kg,1.2,97.22,119164.5,Available
40cf164e-0702-4a03-82a8-ddf3ece33384,2026-01-29,Chemical,Empty Drums (Plastic),Unsorted Empty Drums (Plastic) available at Katunayake factory.,Katunayake Export Processing Zone,1507.2,units,1.09,683.18,1029688.9,Available
3aea78bc-d094-45d3-99a4-957d411473f0,2026-01-29,Plastic,HDPE Containers,Clean HDPE Containers available at Horana factory.,Horana Export Processing Zone,1460.9,kg,1.03,130.58,190764.32,Available
ecbe9c2a-07bc-4bf1-b3e7-d47f9e458eb8,2026-01-29,Textile Offcuts,Mixed,Unsorted Mixed available at Paliyagoda factory.,Paliyagoda,1876.5,kg,1.17,31.23,58603.1,Available
9c6428b1-dad7-4058-ba2c-fa45f653216f,2026-01-29,Paper,Mixed,Dirty Mixed available at Koggala factory.,Koggala Export Processing Zone,162.91,kg,1.05,19.66,3202.81,Available
4b2267d9-1f63-4bbc-a581-9f4a6aab33d6,2026-01-29,Organic,Food Waste,Sorted Food Waste available at Colombo factory.,Colombo Industrial Zone,644.36,kg,0.98,5.35,3447.33,Available
147cf3bb-8ea2-4585-9513-245d29997027,2026-01-29,Organic,Food Waste,Leftover Food Waste available at Biyagama factory.,Biyagama Export Processing Zone,421.04,kg,1.18,6.87,2892.54,Sold
f322543e-5735-4491-a2cc-67d7a4c6c997,2026-01-29,Metal,Steel Scraps,Loose Steel Scraps available at Paliyagoda factory.,Paliyagoda,313.59,kg,0.86,159.72,50086.59,Available
da6343e1-a319-49ed-aa29-23d64b2db82c,2026-01-29,Metal,Aluminum Cans,Baled Aluminum Cans available at Horana factory.,Horana Export Processing Zone,1078.23,kg,1.08,446.17,481073.88,Available
4f7f0a24-d573-43a3-8a86-0b8216cafd7c,2026-01-29,Paper,Mixed,Mixed Mixed available at Katunayake factory.,Katunayake Export Processing Zone,200.11,kg,0.88,34.8,6963.83,Available
fca304be-0cdc-4ec1-96f6-0b35b1104d95,2026-01-29,Textile Offcuts,Cotton,Leftover Cotton available at Seethawaka factory.,Seethawaka Export Processing Zone,1481.88,kg,0.96,109.99,162991.98,Available
d47911c5-1447-4bf0-baa7-0f5688e93993,2026-01-29,Textile Offcuts,Cotton,Dirty Cotton available at Paliyagoda factory.,Paliyagoda,1916.47,kg,0.82,122.28,234345.95,Available
d066658e-4371-4734-83f9-f690f0c97e29,2026-01-29,Organic,Food Waste,Unsorted Food Waste available at Paliyagoda factory.,Paliyagoda,1658.26,kg,1.17,12.44,20628.75,Available
8e317dbf-9ad0-4d11-bfbf-87d33224937e,2026-01-29,Chemical,Empty Drums (Plastic),Sorted Empty Drums (Plastic) available at Biyagama factory.,Biyagama Export Processing Zone,976.0,units,1.06,765.3,746932.8,Available
369498e8-3514-4ced-aa84-1ddd94b24de5,2026-01-29,Metal,Steel Scraps,Baled Steel Scraps available at Biyagama factory.,Biyagama Export Processing Zone,1755.67,kg,0.89,181.1,317951.84,Available
ecac002d-3965-483d-a439-ed4d6d89b833,2026-01-29,Textile Offcuts,Mixed,Unsorted Mixed available at Ekala factory.,Ekala Industrial Estate,1463.8,kg,1.11,37.38,54716.84,Available
7d9df79d-a950-4db5-bb04-e6d1f67a7345,2026-01-29,Textile Offcuts,Cotton,Baled Cotton available at Biyagama factory.,Biyagama Export Processing Zone,1597.96,kg,0.9,75.59,120789.8,Sold
5808caec-e0cf-4ffc-963c-994c279c846d,2026-01-29,Textile Offcuts,Cotton,Clean Cotton available at Ekala factory.,Ekala Industrial Estate,816.07,kg,0.86,94.53,77143.1,Sold
b5eab53f-5573-49e2-b945-3f00c25853ab,2026-01-29,Metal,Steel Scraps,Loose Steel Scraps available at Paliyagoda factory.,Paliyagoda,82.51,kg,0.82,139.56,11515.1,Available
a15d10ed-e758-41ee-8f14-3b3771c6428c,2026-01-29,Metal,Steel Scraps,Leftover Steel Scraps available at Paliyagoda factory.,Paliyagoda,679.77,kg,1.07,194.94,132514.36,Available
87b77b9b-2bf9-42e4-9063-414fff51e2f5,2026-01-29,Metal,Steel Scraps,Dirty Steel Scraps available at Paliyagoda factory.,Paliyagoda,566.67,kg,0.84,209.76,118864.7,Available
9bed5c28-5440-496d-b3db-4a2f1c9191e9,2026-01-29,Chemical,Empty Drums (Plastic),Leftover Empty Drums (Plastic) available at Seethawaka factory.,Seethawaka Export Processing Zone,974.48,units,0.91,628.55,612509.4,Available
05c6f063-cf97-4c37-9de8-70d77255bd73,2026-01-29,Plastic,PET Bottles,Leftover PET Bottles available at Seethawaka factory.,Seethawaka Export Processing Zone,1725.16,kg,0.82,87.28,150571.96,Sold
206a1794-d854-4898-9d98-b6736d075f10,2026-01-29,Textile Offcuts,Cotton,Clean Cotton available at Colombo factory.,Colombo Industrial Zone,236.94,kg,1.09,103.18,24447.47,Available
16676002-f817-4c2f-8ac7-d6b25ad21bd7,2026-01-29,Textile Offcuts,Cotton,Unsorted Cotton available at Colombo factory.,Colombo Industrial Zone,288.19,kg,1.03,140.66,40536.81,Available
5cb799d9-7c7e-4639-a410-ee580a34b1a7,2026-01-29,Organic,Food Waste,Leftover Food Waste available at Seethawaka factory.,Seethawaka Export Processing Zone,1158.97,kg,1.2,8.23,9538.32,Available
f94eae6a-b5e3-4c6f-b0d6-54a2c12d1e48,2026-01-29,Textile Offcuts,Mixed,Leftover Mixed available at Ekala factory.,Ekala Industrial Estate,1131.63,kg,1.05,42.1,47641.62,Available
decfbabf-1560-4baa-b2e7-07a6c59f9a34,2026-01-29,Paper,Mixed,Unsorted Mixed available at Colombo factory.,Colombo Industrial Zone,1565.83,kg,0.8,31.08,48666.0,Available
55f7c647-1e73-42c7-bdfc-ad212b3f747a,2026-01-29,Paper,Cardboard,Mixed Cardboard available at Colombo factory.,Colombo Industrial Zone,1164.58,kg,0.9,28.39,33062.43,Available
9a0c9990-5849-497d-b4a9-fd642f13b0a0,2026-01-29,Textile Offcuts,Cotton,Leftover Cotton available at Paliyagoda factory.,Paliyagoda,404.31,kg,0.96,80.69,32623.77,Available
b63f8226-f5be-4e38-8b32-e91cd8c04c99,2026-01-29,Chemical,Empty Drums (Plastic),Sorted Empty Drums (Plastic) available at Ekala factory.,Ekala Industrial Estate,835.59,units,0.94,696.13,581679.27,Available
8ebea8f4-7726-4564-962a-24f1e4087c0b,2026-01-29,Plastic,PET Bottles,Loose PET Bottles available at Biyagama factory.,Biyagama Export Processing Zone,291.48,kg,1.01,89.74,26157.42,Sold
ea14ed94-5a68-4cc9-9303-9e385ff6fdf0,2026-01-29,Metal,Steel Scraps,Leftover Steel Scraps available at Colombo factory.,Colombo Industrial Zone,601.06,kg,0.84,209.52,125934.09,Sold
6b163b8c-ffa6-40f1-a601-282dcc946297,2026-01-29,Textile Offcuts,Polyester,Mixed Polyester available at Katunayake factory.,Katunayake Export Processing Zone,608.27,kg,0.84,57.13,34750.47,Available
781b593c-5c2a-40dc-a816-42b5300bb0b3,2026-01-29,Metal,Aluminum Cans,Unsorted Aluminum Cans available at Paliyagoda factory.,Paliyagoda,1873.82,kg,0.84,298.81,559916.15,Available
c92ab367-c93a-416d-9c29-26dd0b5f783e,2026-01-29,Chemical,Empty Drums (Plastic),Baled Empty Drums (Plastic) available at Paliyagoda factory.,Paliyagoda,1850.66,units,0.99,592.99,1097422.87,Available
11c01e82-b450-4e6c-b771-15caea1ecfc6,2026-01-29,Textile Offcuts,Mixed,Clean Mixed available at Colombo factory.,Colombo Industrial Zone,708.71,kg,1.19,69.68,49382.91,Available
54c65c34-0c0a-4714-be11-4a515adaef8f,2026-01-29,Textile Offcuts,Mixed,Loose Mixed available at Ekala factory.,Ekala Industrial Estate,275.53,kg,1.17,44.74,12327.21,Sold
3cf858f4-13dc-4c42-a00e-c31a481694ba,2026-01-29,Organic,Food Waste,Dirty Food Waste available at Ekala factory.,Ekala Industrial Estate,1883.92,kg,0.91,8.17,15391.63,Available
c1a7ee18-4867-4476-9d6f-fbc8a9cd4f69,2026-01-29,Chemical,Empty Drums (Plastic),Unsorted Empty Drums (Plastic) available at Katunayake factory.,Katunayake Export Processing Zone,1641.81,units,0.97,685.87,1126068.22,Available
bd49b65f-96fe-48ca-999f-cf99b7ef0b82,2026-01-29,Metal,Aluminum Cans,Loose Aluminum Cans available at Paliyagoda factory.,Paliyagoda,1454.34,kg,1.19,502.67,731053.09,Available
0b2cdd92-fb67-4abc-b0f9-69c418a7f18e,2026-01-29,Metal,Steel Scraps,Mixed Steel Scraps available at Koggala factory.,Koggala Export Processing Zone,1448.52,kg,1.04,214.92,311315.92,Available
ffc09903-9f4b-46f5-8a08-912169aec175,2026-01-29,Plastic,LDPE Wrap,Sorted LDPE Wrap available at Paliyagoda factory.,Paliyagoda,1332.51,kg,1.19,130.82,174318.96,Available
fe057297-cf6b-4a50-8d7d-e829a7480532,2026-01-29,Metal,Steel Scraps,Leftover Steel Scraps available at Colombo factory.,Colombo Industrial Zone,1276.55,kg,1.18,225.8,288244.99,Available
6c666ee2-a0da-4bcf-82ac-72935612b9d4,2026-01-29,Paper,Mixed,Dirty Mixed available at Horana factory.,Horana Export Processing Zone,727.03,kg,1.0,31.57,22952.34,Available
07cfc7d6-da4f-4156-8911-a91e4ba9955f,2026-01-29,Plastic,LDPE Wrap,Loose LDPE Wrap available at Koggala factory.,Koggala Export Processing Zone,1620.24,kg,1.2,99.62,161408.31,Available
1396acf2-935f-436a-b8c4-5d5c74554d3e,2026-01-29,Metal,Aluminum Cans,Leftover Aluminum Cans available at Paliyagoda factory.,Paliyagoda,55.51,kg,1.12,387.96,21535.66,Sold
94f1f438-871d-45a7-b9f0-3976702b9d19,2026-01-29,Plastic,HDPE Containers,Dirty HDPE Containers available at Ekala factory.,Ekala Industrial Estate,550.29,kg,1.16,139.84,76952.55,Available
c7c838d6-8db7-4e8e-971f-b2a0d6d393bc,2026-01-29,Plastic,LDPE Wrap,Sorted LDPE Wrap available at Katunayake factory.,Katunayake Export Processing Zone,1878.03,kg,0.97,78.8,147988.76,Available
9bb1c08e-a85e-450a-b74a-5549b19ba6ce,2026-01-29,Metal,Aluminum Cans,Baled Aluminum Cans available at Colombo factory.,Colombo Industrial Zone,1120.54,kg,1.17,488.14,546980.4,Available
5a002cce-6bc0-4721-8468-386e01e169e0,2026-01-29,Organic,Food Waste,Sorted Food Waste available at Biyagama factory.,Biyagama Export Processing Zone,1795.18,kg,0.92,8.69,15600.11,Available
3b41ee02-1e20-43ba-b762-561180285b97,2026-01-29,Plastic,HDPE Containers,Baled HDPE Containers available at Koggala factory.,Koggala Export Processing Zone,1566.92,kg,0.83,88.06,137982.98,Available
ebe626ee-df74-43d6-a10f-b5d5fdb592e2,2026-01-29,Chemical,Empty Drums (Plastic),Unsorted Empty Drums (Plastic) available at Horana factory.,Horana Export Processing Zone,121.1,units,1.19,882.24,106839.26,Available
583d2133-acd9-4063-9923-314d8879bedf,2026-01-29,Paper,Mixed,Unsorted Mixed available at Ekala factory.,Ekala Industrial Estate,233.7,kg,1.15,41.83,9775.67,Available
e1df905d-d23b-47fc-8cc5-7890730c2f76,2026-01-29,Plastic,PET Bottles,Clean PET Bottles available at Paliyagoda factory.,Paliyagoda,1383.58,kg,0.91,96.05,132892.86,Available
b8055831-0053-45d3-a44d-454bd6b499f7,2026-01-29,Chemical,Empty Drums (Plastic),Mixed Empty Drums (Plastic) available at Koggala factory.,Koggala Export Processing Zone,1470.64,units,1.12,887.2,1304751.81,Available
a7196efe-73b4-472d-b2c3-9e9bbd90c846,2026-01-29,Textile Offcuts,Cotton,Baled Cotton available at Koggala factory.,Koggala Export Processing Zone,835.39,kg,1.16,158.06,132041.74,Sold
80770a9c-3a14-48fd-ac25-327ac70e4f8c,2026-01-29,Metal,Aluminum Cans,Clean Aluminum Cans available at Colombo factory.,Colombo Industrial Zone,935.8,kg,1.14,502.47,470211.43,Available
78aae835-9a35-4349-b2e0-98019a22a2e8,2026-01-29,Paper,Mixed,Leftover Mixed available at Horana factory.,Horana Export Processing Zone,1494.89,kg,0.94,35.85,53591.81,Available
60ca9886-65d8-4641-bc61-ce237d2917fa,2026-01-29,Paper,Cardboard,Mixed Cardboard available at Katunayake factory.,Katunayake Export Processing Zone,122.5,kg,0.87,47.52,5821.2,Available
d9aa338f-4176-4ebd-8f8c-72c0351df8ca,2026-01-29,Paper,Cardboard,Loose Cardboard available at Horana factory.,Horana Export Processing Zone,231.03,kg,0.88,39.9,9218.1,Available
d0d20424-5dbe-4de2-a643-51a6a6146a3e,2026-01-29,Textile Offcuts,Mixed,Unsorted Mixed available at Biyagama factory.,Biyagama Export Processing Zone,769.14,kg,0.83,36.6,28150.52,Available
2f6f13cf-de92-4b60-930c-717e0ceb99e4,2026-01-29,Paper,Mixed,Mixed Mixed available at Koggala factory.,Koggala Export Processing Zone,176.95,kg,1.1,29.81,5274.88,Available
c719355b-0959-4ec6-b954-9b78b7f9d055,2026-01-29,Paper,Mixed,Leftover Mixed available at Biyagama factory.,Biyagama Export Processing Zone,316.5,kg,0.82,31.49,9966.58,Sold
c858a4b7-2901-47e9-a434-1d3ec311b1df,2026-01-29,Metal,Aluminum Cans,Unsorted Aluminum Cans available at Ekala factory.,Ekala Industrial Estate,470.15,kg,1.19,439.51,206635.63,Available
f69b1349-10fe-48d5-b267-cabbfb314084,2026-01-29,Metal,Steel Scraps,Leftover Steel Scraps available at Ekala factory.,Ekala Industrial Estate,1059.84,kg,1.08,188.98,200288.56,Available
ef7073e5-044d-4084-b2e9-604ac24af181,2026-01-29,Plastic,PET Bottles,Mixed PET Bottles available at Colombo factory.,Colombo Industrial Zone,575.26,kg,1.11,92.25,53067.74,Available
21d0a597-2647-4b49-a678-70317b7aa725,2026-01-29,Chemical,Empty Drums (Plastic),Unsorted Empty Drums (Plastic) available at Paliyagoda factory.,Paliyagoda,1714.93,units,0.87,490.39,840984.52,Available
fee05e44-dc9d-4280-95b3-e195cf18942f,2026-01-29,Paper,Mixed,Baled Mixed available at Koggala factory.,Koggala Export Processing Zone,1587.04,kg,0.89,33.4,53007.14,Available
8008e1be-4069-47e3-9b1f-58f46664a10a,2026-01-29,Plastic,LDPE Wrap,Loose LDPE Wrap available at Katunayake factory.,Katunayake Export Processing Zone,1947.87,kg,1.18,139.98,272662.84,Available
15ed7bab-19f6-46b8-9dc4-e6d3b39f20b6,2026-01-29,Textile Offcuts,Cotton,Loose Cotton available at Paliyagoda factory.,Paliyagoda,416.97,kg,1.12,97.97,40850.55,Sold
3d3f727b-258e-4392-a4d8-27969d3f7152,2026-01-29,Paper,Mixed,Dirty Mixed available at Ekala factory.,Ekala Industrial Estate,52.75,kg,0.91,32.45,1711.74,Sold
7a943fd8-fe57-4091-b0cc-f289196cb913,2026-01-29,Chemical,Empty Drums (Plastic),Clean Empty Drums (Plastic) available at Ekala factory.,Ekala Industrial Estate,385.52,units,1.11,568.07,219002.35,Sold
7d08e3ba-e0ec-4229-ac52-527e6c615575,2026-01-29,Metal,Steel Scraps,Sorted Steel Scraps available at Ekala factory.,Ekala Industrial Estate,1341.91,kg,0.83,180.38,242053.73,Available
a65ffc30-5ea5-49eb-a4b6-fed09eaf159f,2026-01-29,Plastic,HDPE Containers,Dirty HDPE Containers available at Seethawaka factory.,Seethawaka Export Processing Zone,1499.84,kg,1.11,150.08,225095.99,Available
d81b4156-077d-41f7-9769-b5d0f8a268bc,2026-01-29,Chemical,Empty Drums (Plastic),Loose Empty Drums (Plastic) available at Horana factory.,Horana Export Processing Zone,936.51,units,1.16,923.35,864726.51,Available
6c6574e1-4986-40d4-a4a6-eec11da4a229,2026-01-29,Organic,Food Waste,Sorted Food Waste available at Katunayake factory.,Katunayake Export Processing Zone,1428.52,kg,0.88,9.59,13699.51,Available
85c2a57b-399a-40eb-92ba-0aeb4eeb5d32,2026-01-29,Paper,Cardboard,Leftover Cardboard available at Katunayake factory.,Katunayake Export Processing Zone,243.79,kg,1.04,32.13,7832.97,Available
a3444f25-da8b-4198-a780-033b8fcf10af,2026-01-29,Plastic,PET Bottles,Sorted PET Bottles available at Horana factory.,Horana Export Processing Zone,219.5,kg,0.94,114.19,25064.7,Available
fca432a1-0032-43bb-84fc-295f96e45db0,2026-01-29,Paper,Mixed,Loose Mixed available at Seethawaka factory.,Seethawaka Export Processing Zone,1375.43,kg,1.05,30.93,42542.05,Available
dfced491-fb0a-4f4d-bb98-4dad62970397,2026-01-29,Paper,Cardboard,Sorted Cardboard available at Paliyagoda factory.,Paliyagoda,1626.05,kg,0.92,30.06,48879.06,Available
6744caa6-f7f8-4d18-a373-daec60b83360,2026-01-29,Paper,Mixed,Mixed Mixed available at Horana factory.,Horana Export Processing Zone,1403.59,kg,0.89,27.99,39286.48,Available
c0d3c731-1d7a-4dc4-bdc8-54604391ce4a,2026-01-29,Plastic,PET Bottles,Baled PET Bottles available at Ekala factory.,Ekala Industrial Estate,987.57,kg,1.1,88.77,87666.59,Sold
e1cdcb4e-178f-4c59-97f4-c6cf49f1fc98,2026-01-29,Plastic,PET Bottles,Baled PET Bottles available at Paliyagoda factory.,Paliyagoda,1421.97,kg,0.85,101.96,144984.06,Sold
584a2ab0-b417-4d5c-b5d4-f10bc33ad8b6,2026-01-29,Paper,Mixed,Clean Mixed available at Katunayake factory.,Katunayake Export Processing Zone,1596.99,kg,0.84,17.16,27404.35,Available
d320f1bf-1ba5-4b75-a191-72124f36a316,2026-01-29,Organic,Food Waste,Sorted Food Waste available at Seethawaka factory.,Seethawaka Export Processing Zone,1278.46,kg,0.93,13.13,16786.18,Available
710bf6c5-9ff7-44c7-b73e-91ded08ef91a,2026-01-29,Plastic,HDPE Containers,Unsorted HDPE Containers available at Colombo factory.,Colombo Industrial Zone,1810.96,kg,0.84,81.93,148371.95,Available
468dcab5-c608-4f08-a017-1ccfeb68ebc9,2026-01-29,Paper,Cardboard,Leftover Cardboard available at Biyagama factory.,Biyagama Export Processing Zone,617.87,kg,1.13,48.6,30028.48,Available
9ed81cbd-d433-4514-a45f-6bc71a4b22b9,2026-01-29,Paper,Mixed,Mixed Mixed available at Seethawaka factory.,Seethawaka Export Processing Zone,1855.63,kg,0.81,27.07,50231.9,Available
5a4042d4-21d4-4bca-b4d4-f289c49f74a8,2026-01-29,Textile Offcuts,Mixed,Mixed Mixed available at Katunayake factory.,Katunayake Export Processing Zone,1050.13,kg,1.02,37.18,39043.83,Available
0df53c48-6712-492e-a149-a174fe8d3d1c,2026-01-29,Plastic,PET Bottles,Sorted PET Bottles available at Colombo factory.,Colombo Industrial Zone,709.18,kg,1.14,112.85,80030.96,Sold
692af1e0-9950-4e27-8585-b9606ccf714d,2026-01-29,Plastic,HDPE Containers,Leftover HDPE Containers available at Horana factory.,Horana Export Processing Zone,1677.16,kg,0.83,97.72,163892.08,Available
f08661f9-12e9-4ebb-9789-9a7df7bbf6e4,2026-01-29,Metal,Aluminum Cans,Unsorted Aluminum Cans available at Paliyagoda factory.,Paliyagoda,1600.22,kg,1.05,436.29,698159.98,Available
c07a19cf-8e79-4186-b1de-eac64af44237,2026-01-29,Plastic,PET Bottles,Baled PET Bottles available at Colombo factory.,Colombo Industrial Zone,1013.55,kg,1.07,100.05,101405.68,Available
9e37f2f1-ce3b-47bf-9910-7e3c8d2f9d2f,2026-01-29,Plastic,PET Bottles,Mixed PET Bottles available at Paliyagoda factory.,Paliyagoda,470.92,kg,1.11,135.89,63993.32,Available
35d8bed3-f363-42a3-8343-272db0a98c35,2026-01-29,Plastic,PET Bottles,Dirty PET Bottles available at Koggala factory.,Koggala Export Processing Zone,799.15,kg,1.15,138.0,110282.7,Available
4a130984-7041-49d0-8392-b525c9df2324,2026-01-29,Plastic,PET Bottles,Clean PET Bottles available at Biyagama factory.,Biyagama Export Processing Zone,1115.42,kg,1.19,106.1,118346.06,Available
fac39745-6d21-4623-adb8-8f3a6cb076d5,2026-01-29,Textile Offcuts,Cotton,Clean Cotton available at Biyagama factory.,Biyagama Export Processing Zone,1924.03,kg,1.06,82.71,159136.52,Sold
1dda767b-6cf5-4de8-b569-9f8993903b4e,2026-01-29,Plastic,PET Bottles,Clean PET Bottles available at Biyagama factory.,Biyagama Export Processing Zone,497.69,kg,1.09,92.6,46086.09,Available
2acb0f1c-c856-4273-acbf-76d7229b4cf8,2026-01-29,Plastic,LDPE Wrap,Leftover LDPE Wrap available at Katunayake factory.,Katunayake Export Processing Zone,289.11,kg,0.92,87.63,25334.71,Available
b094a99f-a0fc-4d50-816a-975a7b21fbcd,2026-01-29,Plastic,LDPE Wrap,Mixed LDPE Wrap available at Biyagama factory.,Biyagama Export Processing Zone,471.32,kg,1.07,87.04,41023.69,Sold
15520cb9-3246-4010-b5f7-1dbd61c07b70,2026-01-29,Metal,Steel Scraps,Unsorted Steel Scraps available at Seethawaka factory.,Seethawaka Export Processing Zone,83.98,kg,1.2,225.11,18904.74,Available
dce836fc-7989-4328-9682-f83f52848ec2,2026-01-29,Textile Offcuts,Cotton,Baled Cotton available at Horana factory.,Horana Export Processing Zone,633.03,kg,1.2,75.29,47660.83,Available
ed53fa1a-a75e-405f-8b1d-fc597b594caf,2026-01-29,Organic,Food Waste,Loose Food Waste available at Seethawaka factory.,Seethawaka Export Processing Zone,758.21,kg,1.04,9.28,7036.19,Sold
587e935d-dc21-4644-a795-d99df0c46bf4,2026-01-29,Textile Offcuts,Polyester,Loose Polyester available at Ekala factory.,Ekala Industrial Estate,184.06,kg,0.94,43.84,8069.19,Available
e640d781-9b2a-4557-a89b-0096d10a7701,2026-01-29,Textile Offcuts,Cotton,Unsorted Cotton available at Biyagama factory.,Biyagama Export Processing Zone,1796.43,kg,0.93,82.06,147415.05,Available
6a6b6cc4-11d3-4a42-a905-6fd41a44d6e2,2026-01-29,Plastic,HDPE Containers,Mixed HDPE Containers available at Colombo factory.,Colombo Industrial Zone,56.04,kg,1.04,116.84,6547.71,Available
d5c7cfdf-a771-4feb-b247-56ae4cb84d97,2026-01-29,Chemical,Empty Drums (Plastic),Mixed Empty Drums (Plastic) available at Seethawaka factory.,Seethawaka Export Processing Zone,1070.58,units,0.85,557.72,597083.88,Available
9914920e-0672-45d1-8aab-a510100c630f,2026-01-29,Textile Offcuts,Cotton,Leftover Cotton available at Colombo factory.,Colombo Industrial Zone,1601.05,kg,1.05,124.33,199058.55,Sold
7470be38-5eb5-4118-ada4-eeaa3f78d2eb,2026-01-29,Metal,Steel Scraps,Dirty Steel Scraps available at Horana factory.,Horana Export Processing Zone,782.99,kg,1.01,232.53,182068.66,Available
66934d70-6fa3-48c7-8608-e9996f4ec4ec,2026-01-29,Chemical,Empty Drums (Plastic),Loose Empty Drums (Plastic) available at Ekala factory.,Ekala Industrial Estate,1839.91,units,1.11,659.99,1214322.2,Available
287fbdaa-857e-445c-b363-2b64f3271311,2026-01-29,Textile Offcuts,Polyester,Unsorted Polyester available at Biyagama factory.,Biyagama Export Processing Zone,423.83,kg,0.85,45.2,19157.12,Available
688354ed-2ce2-4863-80d6-736b8d3ac854,2026-01-29,Plastic,HDPE Containers,Unsorted HDPE Containers available at Ekala factory.,Ekala Industrial Estate,606.22,kg,0.89,102.25,61986.0,Available
6889a162-964a-42ff-8e86-c87fdef0c3e7,2026-01-29,Metal,Aluminum Cans,Unsorted Aluminum Cans available at Horana factory.,Horana Export Processing Zone,1400.8,kg,0.95,332.81,466200.25,Available
21f6b1e2-6bcb-4d41-8510-25c3dcf812db,2026-01-29,Textile Offcuts,Cotton,Loose Cotton available at Colombo factory.,Colombo Industrial Zone,1743.95,kg,1.19,147.36,256988.47,Available
ff77ed74-d40d-42ec-b33b-5573ff0cecb9,2026-01-29,Paper,Cardboard,Mixed Cardboard available at Biyagama factory.,Biyagama Export Processing Zone,746.56,kg,0.98,44.9,33520.54,Available
a438c544-0415-4eb3-9423-e9c6759a3843,2026-01-29,Textile Offcuts,Cotton,Baled Cotton available at Biyagama factory.,Biyagama Export Processing Zone,1510.29,kg,0.93,136.39,205988.45,Available
0c3315a5-ecfa-456f-b261-e3bd6e132fb3,2026-01-29,Metal,Aluminum Cans,Dirty Aluminum Cans available at Seethawaka factory.,Seethawaka Export Processing Zone,347.58,kg,1.12,487.45,169427.87,Available
f5dce524-d022-49c5-a707-4dd300df35c2,2026-01-29,Organic,Food Waste,Sorted Food Waste available at Horana factory.,Horana Export Processing Zone,1950.84,kg,0.85,7.02,13694.9,Available
f23cc2f3-03c6-4acc-9acc-b92e9190c1fc,2026-01-29,Textile Offcuts,Mixed,Mixed Mixed available at Seethawaka factory.,Seethawaka Export Processing Zone,1071.04,kg,1.09,42.14,45133.63,Sold
84b154cc-fd5b-40ae-8f5d-3fb448e3ec6b,2026-01-29,Textile Offcuts,Polyester,Clean Polyester available at Paliyagoda factory.,Paliyagoda,884.73,kg,1.01,56.56,50040.33,Available
adeb7e73-838a-4428-adae-adbf5c3767d7,2026-01-29,Textile Offcuts,Mixed,Leftover Mixed available at Biyagama factory.,Biyagama Export Processing Zone,368.9,kg,0.8,36.0,13280.4,Available
e01fa954-a59b-4def-ace6-15f67e62170e,2026-01-29,Plastic,LDPE Wrap,Baled LDPE Wrap available at Horana factory.,Horana Export Processing Zone,1392.54,kg,0.94,112.89,157203.84,Available
6d6a6a4c-746f-4df8-a437-748dda6d6414,2026-01-29,Metal,Steel Scraps,Clean Steel Scraps available at Koggala factory.,Koggala Export Processing Zone,494.18,kg,0.84,154.83,76513.89,Available
a63cd594-5290-4bd1-887d-19a8fbca7d88,2026-01-29,Organic,Food Waste,Dirty Food Waste available at Ekala factory.,Ekala Industrial Estate,1044.54,kg,1.01,10.72,11197.47,Available
c3eb10b3-dd0d-45fc-9490-bd99f4d1739b,2026-01-29,Chemical,Empty Drums (Plastic),Baled Empty Drums (Plastic) available at Horana factory.,Horana Export Processing Zone,768.53,units,0.98,618.75,475527.94,Available
9eaaccb0-8f58-419d-850e-f232a30dedcc,2026-01-29,Plastic,LDPE Wrap,Clean LDPE Wrap available at Katunayake factory.,Katunayake Export Processing Zone,1305.29,kg,0.82,90.42,118024.32,Available
714f6fdd-5411-4a4e-8cfd-7686a6ba0e91,2026-01-29,Textile Offcuts,Polyester,Leftover Polyester available at Horana factory.,Horana Export Processing Zone,1473.92,kg,1.12,91.33,134613.11,Available
abfcf8c1-02ad-4cda-91d9-1d090dc25897,2026-01-29,Chemical,Empty Drums (Plastic),Dirty Empty Drums (Plastic) available at Seethawaka factory.,Seethawaka Export Processing Zone,893.53,units,1.11,577.02,515584.68,Available
188b7a3f-9be6-4729-8b94-278502b88601,2026-01-29,Organic,Food Waste,Loose Food Waste available at Horana factory.,Horana Export Processing Zone,1790.14,kg,0.84,6.7,11993.94,Available
21d62b94-1895-4fa1-a8fd-ad757115a251,2026-01-29,Plastic,PET Bottles,Sorted PET Bottles available at Koggala factory.,Koggala Export Processing Zone,1680.8,kg,0.97,80.1,134632.08,Available
f1bdd559-9cbe-4978-bb08-f26a6de5d8ce,2026-01-29,Plastic,LDPE Wrap,Loose LDPE Wrap available at Biyagama factory.,Biyagama Export Processing Zone,541.07,kg,1.07,83.98,45439.06,Available
808e09e1-acaf-4e03-acce-016fcb14e35b,2026-01-29,Plastic,HDPE Containers,Mixed HDPE Containers available at Horana factory.,Horana Export Processing Zone,1489.46,kg,1.04,100.68,149958.83,Available
e9c279ea-56a8-4d46-899b-a7230c66ed43,2026-01-29,Paper,Cardboard,Unsorted Cardboard available at Colombo factory.,Colombo Industrial Zone,600.57,kg,1.14,42.14,25308.02,Available
91d49b8f-1619-445b-93fc-b81d2d8daf4a,2026-01-29,Paper,Mixed,Dirty Mixed available at Katunayake factory.,Katunayake Export Processing Zone,1674.45,kg,1.15,28.37,47504.15,Available
821ef84c-946a-4d82-b186-815511e60119,2026-01-29,Metal,Aluminum Cans,Clean Aluminum Cans available at Biyagama factory.,Biyagama Export Processing Zone,1470.85,kg,1.05,362.51,533197.83,Available
13d5cdcc-a36b-4356-b610-1ff1ee7e6830,2026-01-29,Organic,Food Waste,Leftover Food Waste available at Biyagama factory.,Biyagama Export Processing Zone,1552.83,kg,1.03,8.46,13136.94,Sold
a979f069-c14f-4050-a8b4-248ec49ea549,2026-01-29,Plastic,HDPE Containers,Loose HDPE Containers available at Ekala factory.,Ekala Industrial Estate,1848.33,kg,0.99,100.22,185239.63,Sold
1c5011c5-bb4d-4474-8ea3-fde5d9cfa92b,2026-01-29,Paper,Mixed,Loose Mixed available at Biyagama factory.,Biyagama Export Processing Zone,728.65,kg,0.94,26.7,19454.95,Available
98a8f445-eae1-4fca-809c-10be258ef488,2026-01-29,Textile Offcuts,Mixed,Unsorted Mixed available at Katunayake factory.,Katunayake Export Processing Zone,516.28,kg,0.84,38.48,19866.45,Sold
e401e23c-25e9-4c0c-ae12-c63b18756209,2026-01-29,Textile Offcuts,Cotton,Sorted Cotton available at Katunayake factory.,Katunayake Export Processing Zone,942.48,kg,1.18,165.21,155707.12,Sold
684d2647-1924-478c-b7a6-abea9428343e,2026-01-29,Plastic,PET Bottles,Unsorted PET Bottles available at Ekala factory.,Ekala Industrial Estate,1307.08,kg,1.06,88.21,115297.53,Available
1a054d78-fb6a-40fd-9fe8-afacac3cf2bb,2026-01-29,Plastic,HDPE Containers,Sorted HDPE Containers available at Seethawaka factory.,Seethawaka Export Processing Zone,1040.47,kg,0.88,95.1,98948.7,Available
a224f2fe-9c3d-4a66-b9d0-871eb0f2ec05,2026-01-29,Chemical,Empty Drums (Plastic),Baled Empty Drums (Plastic) available at Colombo factory.,Colombo Industrial Zone,151.25,units,1.15,911.79,137908.24,Available
ea386beb-3e63-4149-92a4-142ce005eceb,2026-01-29,Textile Offcuts,Cotton,Leftover Cotton available at Ekala factory.,Ekala Industrial Estate,1242.87,kg,1.07,149.76,186132.21,Sold
5cff5c87-af7f-4a9d-8753-b4917b5fa295,2026-01-29,Chemical,Empty Drums (Plastic),Unsorted Empty Drums (Plastic) available at Seethawaka factory.,Seethawaka Export Processing Zone,1667.06,units,0.81,637.73,1063134.17,Available
e4e2899b-1c2f-49b0-b72e-58d51fe78952,2026-01-29,Textile Offcuts,Mixed,Sorted Mixed available at Biyagama factory.,Biyagama Export Processing Zone,785.83,kg,0.82,47.23,37114.75,Available
c6862fb2-43ba-4588-a36d-e76281656da1,2026-01-29,Metal,Aluminum Cans,Mixed Aluminum Cans available at Paliyagoda factory.,Paliyagoda,590.16,kg,0.91,290.07,171187.71,Sold
98b8bef5-d8cb-4192-bced-cce1b942eb57,2026-01-29,Paper,Cardboard,Mixed Cardboard available at Colombo factory.,Colombo Industrial Zone,252.18,kg,0.83,29.98,7560.36,Available
b300d27b-2e39-4669-a557-9bbd6f1a581e,2026-01-29,Plastic,PET Bottles,Mixed PET Bottles available at Colombo factory.,Colombo Industrial Zone,1394.35,kg,1.07,139.25,194163.24,Sold
42cf43c4-efbf-44e9-a36f-0857b8bd0d87,2026-01-29,Textile Offcuts,Polyester,Baled Polyester available at Paliyagoda factory.,Paliyagoda,400.68,kg,1.11,76.24,30547.84,Available
16cbbb15-3e57-481e-82fc-65e279a143fa,2026-01-29,Plastic,LDPE Wrap,Dirty LDPE Wrap available at Katunayake factory.,Katunayake Export Processing Zone,1834.78,kg,1.04,110.27,202321.19,Available
33cf2469-3319-48cb-bf55-cb1e7df964c3,2026-01-29,Paper,Mixed,Dirty Mixed available at Paliyagoda factory.,Paliyagoda,583.89,kg,0.86,28.51,16646.7,Sold
532cee47-a4d7-402d-8322-40a010607d28,2026-01-29,Paper,Cardboard,Clean Cardboard available at Biyagama factory.,Biyagama Export Processing Zone,1455.76,kg,1.09,64.38,93721.83,Available
20403ce6-31ec-49df-8ecb-aeac49109730,2026-01-29,Metal,Aluminum Cans,Sorted Aluminum Cans available at Koggala factory.,Koggala Export Processing Zone,835.45,kg,0.9,289.02,241461.76,Sold
b4992560-c3df-42b7-a78e-f92b3d6295d9,2026-01-29,Paper,Mixed,Dirty Mixed available at Biyagama factory.,Biyagama Export Processing Zone,530.57,kg,0.97,35.15,18649.54,Sold
11d89af9-2e6f-4d4a-b9d0-297ce35fdf8e,2026-01-29,Textile Offcuts,Mixed,Dirty Mixed available at Koggala factory.,Koggala Export Processing Zone,1033.29,kg,1.1,40.7,42054.9,Sold
76968319-b627-456b-8c1a-1498465b9180,2026-01-29,Textile Offcuts,Mixed,Loose Mixed available at Katunayake factory.,Katunayake Export Processing Zone,736.32,kg,1.13,31.64,23297.16,Sold
fa091838-69b4-4318-b2aa-9e6b710dc5b0,2026-01-29,Chemical,Empty Drums (Plastic),Mixed Empty Drums (Plastic) available at Katunayake factory.,Katunayake Export Processing Zone,1718.18,units,1.13,805.86,1384612.53,Available
6bbd81a4-2ef5-49ac-99d5-94d5ba9e2a5f,2026-01-29,Plastic,LDPE Wrap,Loose LDPE Wrap available at Horana factory.,Horana Export Processing Zone,355.09,kg,0.95,79.06,28073.42,Sold
d25f6d94-8487-4fee-a673-e0f5ac77e407,2026-01-29,Metal,Steel Scraps,Baled Steel Scraps available at Paliyagoda factory.,Paliyagoda,405.82,kg,1.02,179.01,72645.84,Sold
d6a6a874-e1f3-4c6a-b771-9a03b67b9867,2026-01-29,Paper,Cardboard,Leftover Cardboard available at Seethawaka factory.,Seethawaka Export Processing Zone,1204.59,kg,1.16,56.06,67529.32,Sold
77dc941a-bf13-4859-9a0c-e75da49ea1c5,2026-01-29,Plastic,PET Bottles,Loose PET Bottles available at Koggala factory.,Koggala Export Processing Zone,1395.37,kg,1.09,110.55,154258.15,Available
03f5771b-b113-4157-b431-f8a12bcc2e13,2026-01-29,Textile Offcuts,Polyester,Mixed Polyester available at Seethawaka factory.,Seethawaka Export Processing Zone,476.75,kg,1.06,80.95,38592.91,Sold
55e58d6c-4ad6-421d-8fd6-1b87031776ac,2026-01-29,Plastic,LDPE Wrap,Baled LDPE Wrap available at Ekala factory.,Ekala Industrial Estate,213.43,kg,0.84,83.06,17727.5,Sold
b22ae028-3f3d-4500-91d2-42719c03e322,2026-01-29,Textile Offcuts,Cotton,Baled Cotton available at Ekala factory.,Ekala Industrial Estate,1098.33,kg,1.08,109.8,120596.63,Available
a69de7e6-2ac4-4185-ae6f-48885a625079,2026-01-29,Textile Offcuts,Mixed,Sorted Mixed available at Colombo factory.,Colombo Industrial Zone,665.33,kg,1.03,45.71,30412.23,Sold
dc689859-ea22-419b-b2fb-626fe7071f77,2026-01-29,Chemical,Empty Drums (Plastic),Loose Empty Drums (Plastic) available at Katunayake factory.,Katunayake Export Processing Zone,224.06,units,1.01,646.82,144926.49,Available
32aa99d6-7d6d-4ae3-80a8-32730b2c4611,2026-01-29,Plastic,HDPE Containers,Leftover HDPE Containers available at Ekala factory.,Ekala Industrial Estate,875.51,kg,0.91,124.97,109412.48,Sold
7a276258-208c-4aeb-a584-048a9f54c5a5,2026-01-29,Organic,Food Waste,Leftover Food Waste available at Koggala factory.,Koggala Export Processing Zone,984.33,kg,0.85,11.12,10945.75,Sold
41140ddd-cda7-47be-bb73-83b6f60b60ef,2026-01-29,Metal,Aluminum Cans,Clean Aluminum Cans available at Biyagama factory.,Biyagama Export Processing Zone,493.54,kg,0.8,353.45,174441.71,Available
914a57a4-1e60-4a33-910f-41c34ed4cbe7,2026-01-29,Organic,Food Waste,Sorted Food Waste available at Biyagama factory.,Biyagama Export Processing Zone,252.76,kg,1.16,14.14,3574.03,Available
6c3587d3-df81-45e4-891e-c889b2b94670,2026-01-29,Chemical,Empty Drums (Plastic),Clean Empty Drums (Plastic) available at Colombo factory.,Colombo Industrial Zone,1100.01,units,0.94,738.16,811983.38,Available
004f55fd-db88-46be-bfd5-c598cacf345e,2026-01-29,Textile Offcuts,Cotton,Loose Cotton available at Seethawaka factory.,Seethawaka Export Processing Zone,1156.09,kg,1.2,90.65,104799.56,Available
6f92e9b2-759a-4a7e-8a96-054243b20ac8,2026-01-29,Metal,Aluminum Cans,Unsorted Aluminum Cans available at Biyagama factory.,Biyagama Export Processing Zone,212.78,kg,0.82,364.23,77500.86,Available
6f90c0be-f1e6-409d-a5a1-7d1ac17dc4e5,2026-01-29,Textile Offcuts,Polyester,Leftover Polyester available at Horana factory.,Horana Export Processing Zone,1110.66,kg,0.96,64.21,71315.48,Sold
dd9454e1-bb90-4082-b4e5-811cb114649c,2026-01-29,Metal,Aluminum Cans,Baled Aluminum Cans available at Ekala factory.,Ekala Industrial Estate,1610.68,kg,0.87,297.81,479676.61,Sold
b8b73979-262a-4999-96e1-a143fa675a35,2026-01-29,Metal,Aluminum Cans,Dirty Aluminum Cans available at Colombo factory.,Colombo Industrial Zone,473.63,kg,0.82,248.44,117668.64,Available
747c23f4-7e68-42fc-b26e-83051ad4ddb4,2026-01-29,Textile Offcuts,Polyester,Loose Polyester available at Ekala factory.,Ekala Industrial Estate,695.81,kg,0.93,76.55,53264.26,Available
15adbc16-36dc-4e4b-ac3d-679775edbeb4,2026-01-29,Textile Offcuts,Cotton,Loose Cotton available at Horana factory.,Horana Export Processing Zone,1868.76,kg,0.98,91.33,170673.85,Sold
20bb1ee5-278e-4caf-8e24-b1b41dac4180,2026-01-29,Plastic,PET Bottles,Leftover PET Bottles available at Seethawaka factory.,Seethawaka Export Processing Zone,243.88,kg,1.15,138.62,33806.65,Available
ed8d6aec-b53d-45fd-a8ec-841d191ea14f,2026-01-29,Metal,Aluminum Cans,Baled Aluminum Cans available at Koggala factory.,Koggala Export Processing Zone,645.02,kg,0.84,373.55,240947.22,Sold
e38657d7-4eb7-4c32-acfa-caf2e595cd04,2026-01-29,Chemical,Empty Drums (Plastic),Mixed Empty Drums (Plastic) available at Katunayake factory.,Katunayake Export Processing Zone,1675.77,units,1.13,792.5,1328047.73,Available
dfdc2002-939f-499b-9fab-cab3f72facbe,2026-01-29,Plastic,HDPE Containers,Sorted HDPE Containers available at Katunayake factory.,Katunayake Export Processing Zone,1143.06,kg,1.05,120.97,138275.97,Available
5ed90259-106a-48c1-9e6b-0826a73dc8fd,2026-01-29,Textile Offcuts,Mixed,Mixed Mixed available at Horana factory.,Horana Export Processing Zone,840.52,kg,0.86,29.81,25055.9,Available
ab32520a-9a41-4cf8-a407-c59424f7eed5,2026-01-29,Chemical,Empty Drums (Plastic),Baled Empty Drums (Plastic) available at Colombo factory.,Colombo Industrial Zone,1342.89,units,0.92,725.84,974723.28,Sold
b5fea723-1278-4687-bc2f-5c2f635faa04,2026-01-29,Metal,Aluminum Cans,Baled Aluminum Cans available at Biyagama factory.,Biyagama Export Processing Zone,518.8,kg,0.91,387.48,201024.62,Available
4422858c-2fcb-4197-8038-fdb41b4e646b,2026-01-29,Metal,Aluminum Cans,Dirty Aluminum Cans available at Ekala factory.,Ekala Industrial Estate,1279.3,kg,1.1,345.9,442509.87,Available
0baf0114-df87-470e-87bf-67cc98f27d0f,2026-01-29,Textile Offcuts,Mixed,Mixed Mixed available at Paliyagoda factory.,Paliyagoda,731.68,kg,1.0,58.55,42839.86,Available
ab7468b6-3da9-4bff-8cb2-076999fc1ed0,2026-01-29,Metal,Steel Scraps,Sorted Steel Scraps available at Horana factory.,Horana Export Processing Zone,916.96,kg,0.83,199.14,182603.41,Available
d223f39c-fe06-46d1-aa81-b6f9447c879c,2026-01-29,Textile Offcuts,Polyester,Sorted Polyester available at Seethawaka factory.,Seethawaka Export Processing Zone,1011.34,kg,0.98,56.45,57090.14,Available
576eb8f4-f882-49ee-9ba1-30357b4e1117,2026-01-29,Paper,Cardboard,Leftover Cardboard available at Colombo factory.,Colombo Industrial Zone,1200.17,kg,1.04,36.4,43686.19,Available
ef665460-2de9-4780-9a71-9f34eb401aa6,2026-01-29,Plastic,LDPE Wrap,Clean LDPE Wrap available at Biyagama factory.,Biyagama Export Processing Zone,546.88,kg,1.13,80.36,43947.28,Available
929694a5-ad3f-4d62-81cf-6b65307c1b40,2026-01-29,Textile Offcuts,Cotton,Dirty Cotton available at Seethawaka factory.,Seethawaka Export Processing Zone,844.45,kg,0.84,70.64,59651.95,Available
848c4ac0-97aa-4cf6-b6a9-aec75c179d1e,2026-01-29,Metal,Aluminum Cans,Clean Aluminum Cans available at Paliyagoda factory.,Paliyagoda,642.99,kg,1.12,470.94,302809.71,Sold
7cbe02c2-eac1-4959-9346-c98326e2fa66,2026-01-29,Plastic,LDPE Wrap,Sorted LDPE Wrap available at Ekala factory.,Ekala Industrial Estate,1739.86,kg,0.98,95.93,166904.77,Sold
d387e5d3-ebec-46ad-854d-d82fd3b6d16a,2026-01-29,Textile Offcuts,Mixed,Mixed Mixed available at Paliyagoda factory.,Paliyagoda,311.06,kg,0.87,38.98,12125.12,Sold
8f253afb-ae26-406a-9e42-95c4643901ff,2026-01-29,Paper,Cardboard,Leftover Cardboard available at Biyagama factory.,Biyagama Export Processing Zone,1849.75,kg,1.1,40.44,74803.89,Sold
f5fa893e-e7f9-4743-8fa1-4636e87a3e02,2026-01-29,Metal,Steel Scraps,Baled Steel Scraps available at Katunayake factory.,Katunayake Export Processing Zone,609.63,kg,1.07,265.36,161771.42,Available
8cf07069-dcd4-4f33-b423-efaae1eaa452,2026-01-29,Metal,Aluminum Cans,Loose Aluminum Cans available at Koggala factory.,Koggala Export Processing Zone,1820.94,kg,0.84,271.63,494621.93,Sold
3c0c0f25-8fc0-42d4-b313-a9b9a94dc12d,2026-01-29,Paper,Mixed,Unsorted Mixed available at Katunayake factory.,Katunayake Export Processing Zone,1332.73,kg,0.9,31.15,41514.54,Available
5f22b124-db1b-489a-bdc9-9c1466c8bb35,2026-01-29,Metal,Steel Scraps,Loose Steel Scraps available at Seethawaka factory.,Seethawaka Export Processing Zone,1753.35,kg,0.81,200.14,350915.47,Available
c191be68-3281-4d73-9d26-a482edb13bfe,2026-01-29,Textile Offcuts,Mixed,Clean Mixed available at Biyagama factory.,Biyagama Export Processing Zone,213.53,kg,1.09,35.53,7586.72,Available
fc42d40a-82be-475a-a870-3429c82b9ef3,2026-01-29,Textile Offcuts,Cotton,Loose Cotton available at Biyagama factory.,Biyagama Export Processing Zone,805.93,kg,1.04,147.95,119237.34,Available
0f7c061b-f01c-4952-8aeb-22f9c2edb561,2026-01-29,Plastic,HDPE Containers,Baled HDPE Containers available at Seethawaka factory.,Seethawaka Export Processing Zone,1086.36,kg,1.01,104.85,113904.85,Available
e08592d3-b862-4ced-bd83-ba7349b8fcdf,2026-01-29,Organic,Food Waste,Baled Food Waste available at Biyagama factory.,Biyagama Export Processing Zone,1154.43,kg,0.91,12.06,13922.43,Available
d07acee9-b6af-49b4-9d74-b189fba9faf5,2026-01-29,Plastic,PET Bottles,Baled PET Bottles available at Biyagama factory.,Biyagama Export Processing Zone,354.45,kg,0.87,96.25,34115.81,Available
1854470c-9be8-4e45-b83e-554aaf4dfcf7,2026-01-29,Textile Offcuts,Polyester,Clean Polyester available at Colombo factory.,Colombo Industrial Zone,695.17,kg,0.91,77.63,53966.05,Available
39e77e70-e85c-40e7-8c9e-6e5610855577,2026-01-29,Textile Offcuts,Mixed,Unsorted Mixed available at Katunayake factory.,Katunayake Export Processing Zone,1944.21,kg,0.94,44.46,86439.58,Sold
d9f28c87-13db-4101-a458-2833dafcca67,2026-01-29,Metal,Steel Scraps,Clean Steel Scraps available at Colombo factory.,Colombo Industrial Zone,1414.7,kg,0.91,174.8,247289.56,Available
9bea9323-a042-4f28-8687-393e1ca9326e,2026-01-29,Plastic,HDPE Containers,Baled HDPE Containers available at Ekala factory.,Ekala Industrial Estate,1856.87,kg,1.12,120.05,222917.24,Available
60d9cbd2-cdf8-470e-946d-ab9cd7ae9a10,2026-01-29,Plastic,LDPE Wrap,Unsorted LDPE Wrap available at Ekala factory.,Ekala Industrial Estate,330.3,kg,1.12,112.51,37162.05,Available
21ed14cc-1ff7-4a07-bf02-dbbe06807c53,2026-01-29,Textile Offcuts,Mixed,Mixed Mixed available at Horana factory.,Horana Export Processing Zone,732.27,kg,0.91,25.12,18394.62,Available
6d477b52-511e-42c6-91a1-1e963423735b,2026-01-29,Metal,Steel Scraps,Unsorted Steel Scraps available at Colombo factory.,Colombo Industrial Zone,818.43,kg,1.04,211.86,173392.58,Available
0dede3b2-18ef-4f9c-8b17-89bd0d8ff78b,2026-01-29,Organic,Food Waste,Dirty Food Waste available at Horana factory.,Horana Export Processing Zone,481.2,kg,0.81,10.53,5067.04,Available
96aa1763-fb9a-4a61-8975-880f8ced411e,2026-01-29,Metal,Aluminum Cans,Unsorted Aluminum Cans available at Koggala factory.,Koggala Export Processing Zone,82.84,kg,1.06,422.53,35002.39,Available
207bb5b6-7619-4002-95c5-f57a0a470c69,2026-01-29,Textile Offcuts,Mixed,Clean Mixed available at Seethawaka factory.,Seethawaka Export Processing Zone,222.15,kg,1.1,58.26,12942.46,Available
623ca303-be54-4e01-8c48-ea1880b94cd9,2026-01-29,Textile Offcuts,Polyester,Unsorted Polyester available at Koggala factory.,Koggala Export Processing Zone,1722.01,kg,1.09,78.71,135539.41,Available
a1a7fa13-1d87-48a5-8c30-1410bac5b70f,2026-01-29,Paper,Cardboard,Sorted Cardboard available at Katunayake factory.,Katunayake Export Processing Zone,1603.15,kg,1.02,48.75,78153.56,Available
4505edd3-7c39-4adc-b16a-36dfcd59a1a7,2026-01-29,Plastic,PET Bottles,Unsorted PET Bottles available at Colombo factory.,Colombo Industrial Zone,987.42,kg,0.9,111.48,110077.58,Available
a63a3aac-dd77-4b87-aef2-967848203c23,2026-01-29,Paper,Cardboard,Baled Cardboard available at Koggala factory.,Koggala Export Processing Zone,75.28,kg,1.08,54.72,4119.32,Sold
bf717484-cc65-47f8-82c3-8bedf527938b,2026-01-29,Paper,Cardboard,Unsorted Cardboard available at Paliyagoda factory.,Paliyagoda,109.01,kg,1.13,63.12,6880.71,Sold
af981c19-d4ce-4d7c-be4f-c1a75e3c8eba,2026-01-29,Plastic,HDPE Containers,Unsorted HDPE Containers available at Paliyagoda factory.,Paliyagoda,869.87,kg,1.0,114.45,99556.62,Available
